,OverallQual,YearBuilt,YearRemodAdd,MasVnrArea,TotalBsmtSF,GrLivArea,FullBath,Fireplaces,GarageYrBlt,GarageCars,Sale_price
0,7.0,2003.0,2003.0,196.0,856.0,1710.0,2.0,0.0,2003.0,2.0,208500
1,6.0,1976.0,1976.0,0.0,1262.0,1262.0,2.0,1.0,1976.0,2.0,181500
2,7.0,2001.0,2002.0,162.0,920.0,1786.0,2.0,1.0,2001.0,2.0,223500
3,7.0,1915.0,1970.0,0.0,756.0,1717.0,1.0,1.0,1998.0,3.0,140000
4,8.0,2000.0,2000.0,350.0,1145.0,2198.0,2.0,1.0,2000.0,3.0,250000
5,5.0,1993.0,1995.0,0.0,796.0,1362.0,1.0,0.0,1993.0,2.0,143000
6,8.0,2004.0,2005.0,186.0,1686.0,1694.0,2.0,1.0,2004.0,2.0,307000
7,7.0,1973.0,1973.0,240.0,1107.0,2090.0,2.0,2.0,1973.0,2.0,200000
8,7.0,1931.0,1950.0,0.0,952.0,1774.0,2.0,2.0,1931.0,2.0,129900
9,5.0,1939.0,1950.0,0.0,991.0,1077.0,1.0,2.0,1939.0,1.0,118000
10,5.0,1965.0,1965.0,0.0,1040.0,1040.0,1.0,0.0,1965.0,1.0,129500
11,9.0,2005.0,2006.0,286.0,1175.0,2324.0,3.0,2.0,2005.0,3.0,345000
12,5.0,1962.0,1962.0,0.0,912.0,912.0,1.0,0.0,1962.0,1.0,144000
13,7.0,2006.0,2007.0,306.0,1494.0,1494.0,2.0,1.0,2006.0,3.0,279500
14,6.0,1960.0,1960.0,212.0,1253.0,1253.0,1.0,1.0,1960.0,1.0,157000
15,7.0,1929.0,2001.0,0.0,832.0,854.0,1.0,0.0,1991.0,2.0,132000
16,6.0,1970.0,1970.0,180.0,1004.0,1004.0,1.0,1.0,1970.0,2.0,149000
17,4.0,1967.0,1967.0,0.0,0.0,1296.0,2.0,0.0,1967.0,2.0,90000
18,5.0,2004.0,2004.0,0.0,1114.0,1114.0,1.0,0.0,2004.0,2.0,159000
19,5.0,1958.0,1965.0,0.0,1029.0,1339.0,1.0,0.0,1958.0,1.0,139000
20,8.0,2005.0,2006.0,380.0,1158.0,2376.0,3.0,1.0,2005.0,3.0,325300
21,7.0,1930.0,1950.0,0.0,637.0,1108.0,1.0,1.0,1930.0,1.0,139400
22,8.0,2002.0,2002.0,281.0,1777.0,1795.0,2.0,1.0,2002.0,2.0,230000
23,5.0,1976.0,1976.0,0.0,1040.0,1060.0,1.0,1.0,1976.0,2.0,129900
24,5.0,1968.0,2001.0,0.0,1060.0,1060.0,1.0,1.0,1968.0,1.0,154000
25,8.0,2007.0,2007.0,640.0,1566.0,1600.0,2.0,1.0,2007.0,3.0,256300
26,5.0,1951.0,2000.0,0.0,900.0,900.0,1.0,0.0,2005.0,2.0,134800
27,8.0,2007.0,2008.0,200.0,1704.0,1704.0,2.0,1.0,2008.0,3.0,306000
28,5.0,1957.0,1997.0,0.0,1484.0,1600.0,1.0,2.0,1957.0,1.0,207500
29,4.0,1927.0,1950.0,0.0,520.0,520.0,1.0,0.0,1920.0,1.0,68500
30,4.0,1920.0,1950.0,0.0,649.0,1317.0,1.0,0.0,1920.0,1.0,40000
31,5.0,1966.0,2006.0,0.0,1228.0,1228.0,1.0,0.0,1966.0,1.0,149350
32,8.0,2007.0,2007.0,0.0,1234.0,1234.0,2.0,0.0,2007.0,2.0,179900
33,5.0,1959.0,1959.0,0.0,1398.0,1700.0,1.0,1.0,1959.0,2.0,165500
34,9.0,2005.0,2005.0,246.0,1561.0,1561.0,2.0,1.0,2005.0,2.0,277500
35,8.0,2004.0,2005.0,132.0,1117.0,2452.0,3.0,1.0,2004.0,3.0,309000
36,5.0,1994.0,1995.0,0.0,1097.0,1097.0,1.0,0.0,1995.0,2.0,145000
37,5.0,1954.0,1990.0,650.0,1297.0,1297.0,1.0,1.0,1954.0,2.0,153000
38,5.0,1953.0,2007.0,0.0,1057.0,1057.0,1.0,0.0,1953.0,1.0,109000
39,4.0,1955.0,1955.0,0.0,0.0,1152.0,2.0,0.0,1900.0,0.0,82000
40,6.0,1965.0,1965.0,101.0,1088.0,1324.0,2.0,1.0,1965.0,2.0,160000
41,5.0,1959.0,1959.0,0.0,1350.0,1328.0,1.0,2.0,1959.0,1.0,170000
42,5.0,1983.0,1983.0,0.0,840.0,884.0,1.0,0.0,1983.0,2.0,144000
43,5.0,1975.0,1980.0,0.0,938.0,938.0,1.0,0.0,1977.0,1.0,130250
44,5.0,1959.0,1959.0,0.0,1150.0,1150.0,1.0,0.0,1959.0,1.0,141000
45,9.0,2005.0,2005.0,412.0,1752.0,1752.0,2.0,1.0,2005.0,2.0,319900
46,7.0,2003.0,2003.0,0.0,1434.0,2149.0,1.0,1.0,2003.0,2.0,239686
47,8.0,2006.0,2006.0,0.0,1656.0,1656.0,2.0,0.0,2006.0,3.0,249700
48,4.0,1920.0,2008.0,0.0,736.0,1452.0,2.0,0.0,1900.0,0.0,113000
49,5.0,1966.0,1966.0,0.0,955.0,955.0,1.0,0.0,1966.0,1.0,127000
50,6.0,1997.0,1997.0,0.0,794.0,1470.0,2.0,0.0,1997.0,2.0,177000
51,6.0,1934.0,1950.0,0.0,816.0,1176.0,1.0,1.0,1985.0,2.0,114500
52,5.0,1963.0,1963.0,0.0,816.0,816.0,1.0,0.0,1963.0,2.0,110000
53,9.0,1981.0,1987.0,0.0,1842.0,1842.0,0.0,1.0,1981.0,3.0,385000
54,5.0,1955.0,1955.0,0.0,384.0,1360.0,1.0,1.0,1962.0,2.0,130000
55,6.0,1964.0,1964.0,272.0,1425.0,1425.0,2.0,1.0,1964.0,2.0,180500
56,8.0,1999.0,2000.0,456.0,970.0,1739.0,2.0,0.0,1999.0,2.0,172500
57,7.0,2004.0,2004.0,0.0,860.0,1720.0,2.0,0.0,2004.0,2.0,196500
58,10.0,2006.0,2006.0,1031.0,1410.0,2945.0,3.0,1.0,2006.0,3.0,438780
59,5.0,1972.0,1972.0,0.0,780.0,780.0,1.0,0.0,1973.0,1.0,124900
60,6.0,2004.0,2004.0,0.0,1158.0,1158.0,1.0,0.0,2006.0,2.0,158000
61,5.0,1920.0,1996.0,0.0,530.0,1111.0,1.0,0.0,1935.0,1.0,101000
62,8.0,2006.0,2006.0,178.0,1370.0,1370.0,2.0,1.0,2006.0,2.0,202500
63,7.0,1921.0,1950.0,0.0,576.0,1710.0,2.0,0.0,1990.0,2.0,140000
64,7.0,1997.0,1998.0,573.0,1057.0,2034.0,2.0,0.0,1998.0,2.0,219500
65,8.0,2004.0,2005.0,344.0,1143.0,2473.0,2.0,1.0,2004.0,3.0,317000
66,7.0,1970.0,1989.0,287.0,1947.0,2207.0,2.0,1.0,1970.0,2.0,180000
67,7.0,2003.0,2003.0,167.0,1453.0,1479.0,2.0,0.0,2003.0,2.0,226000
68,4.0,1945.0,1950.0,0.0,747.0,747.0,1.0,0.0,1945.0,1.0,80000
69,7.0,1953.0,1953.0,0.0,1304.0,2287.0,2.0,1.0,1953.0,2.0,225000
70,7.0,1973.0,1973.0,1115.0,2223.0,2223.0,2.0,2.0,1973.0,2.0,244000
71,4.0,1982.0,2006.0,0.0,845.0,845.0,1.0,0.0,1987.0,2.0,129500
72,7.0,1998.0,1998.0,40.0,832.0,1718.0,2.0,1.0,1998.0,2.0,185000
73,5.0,1954.0,2003.0,104.0,1086.0,1086.0,1.0,0.0,1989.0,2.0,144900
74,3.0,1915.0,1950.0,0.0,840.0,1605.0,2.0,0.0,1915.0,1.0,107400
75,4.0,1973.0,1973.0,0.0,462.0,988.0,1.0,0.0,1973.0,1.0,91000
76,4.0,1956.0,1956.0,0.0,952.0,952.0,1.0,0.0,1956.0,1.0,135750
77,5.0,1948.0,2001.0,0.0,672.0,1285.0,1.0,0.0,1948.0,1.0,127000
78,4.0,1968.0,1968.0,0.0,1768.0,1768.0,2.0,0.0,1900.0,0.0,136500
79,5.0,1910.0,1981.0,0.0,440.0,1230.0,1.0,0.0,1966.0,2.0,110000
80,6.0,1968.0,1968.0,576.0,896.0,2142.0,2.0,1.0,1968.0,1.0,193500
81,6.0,1998.0,1998.0,443.0,1237.0,1337.0,2.0,0.0,1998.0,2.0,153500
82,8.0,2007.0,2007.0,468.0,1563.0,1563.0,2.0,1.0,2007.0,3.0,245000
83,5.0,1960.0,1960.0,66.0,1065.0,1065.0,1.0,0.0,1974.0,2.0,126500
84,7.0,1995.0,1996.0,22.0,384.0,1474.0,2.0,1.0,1995.0,2.0,168500
85,8.0,1991.0,1992.0,284.0,1288.0,2417.0,2.0,1.0,1991.0,2.0,260000
86,6.0,2005.0,2005.0,0.0,684.0,1560.0,2.0,1.0,2005.0,2.0,174000
87,6.0,2009.0,2009.0,76.0,612.0,1224.0,2.0,0.0,2009.0,2.0,164500
88,3.0,1915.0,1982.0,0.0,1013.0,1526.0,1.0,0.0,1900.0,0.0,85000
89,4.0,1994.0,1995.0,0.0,990.0,990.0,1.0,0.0,1900.0,0.0,123600
90,4.0,1950.0,1950.0,0.0,0.0,1040.0,1.0,0.0,1950.0,2.0,109900
91,5.0,1961.0,1961.0,203.0,1235.0,1235.0,1.0,0.0,1961.0,2.0,98600
92,5.0,1921.0,2006.0,0.0,876.0,964.0,1.0,0.0,1921.0,2.0,163500
93,6.0,1910.0,1998.0,0.0,1214.0,2291.0,2.0,1.0,1900.0,2.0,133900
94,6.0,1997.0,1997.0,0.0,824.0,1786.0,2.0,0.0,1997.0,2.0,204750
95,6.0,1993.0,1993.0,68.0,680.0,1470.0,2.0,1.0,1993.0,2.0,185000
96,7.0,1999.0,1999.0,183.0,1588.0,1588.0,2.0,0.0,1999.0,2.0,214000
97,4.0,1965.0,1965.0,48.0,960.0,960.0,1.0,0.0,1965.0,1.0,94750
98,5.0,1920.0,1950.0,0.0,458.0,835.0,1.0,0.0,1920.0,1.0,83000
99,4.0,1959.0,1959.0,0.0,950.0,1225.0,1.0,0.0,1900.0,0.0,128950
100,6.0,1977.0,2001.0,28.0,1610.0,1610.0,2.0,2.0,1977.0,2.0,205000
101,6.0,1985.0,1985.0,336.0,741.0,1732.0,2.0,1.0,1985.0,2.0,178000
102,5.0,1979.0,1979.0,0.0,0.0,1535.0,2.0,0.0,1979.0,2.0,118964
103,7.0,2009.0,2009.0,0.0,1226.0,1226.0,2.0,0.0,2009.0,3.0,198900
104,7.0,1931.0,1950.0,600.0,1040.0,1818.0,1.0,2.0,1951.0,1.0,169500
105,8.0,2003.0,2004.0,768.0,1053.0,1992.0,2.0,1.0,2003.0,2.0,250000
106,4.0,1885.0,1995.0,0.0,641.0,1047.0,1.0,0.0,1954.0,1.0,100000
107,5.0,1948.0,1950.0,0.0,789.0,789.0,1.0,0.0,1948.0,1.0,115000
108,5.0,1919.0,2005.0,0.0,793.0,1517.0,2.0,0.0,1900.0,0.0,115000
109,6.0,1977.0,1977.0,480.0,1844.0,1844.0,2.0,1.0,1977.0,2.0,190000
110,6.0,1954.0,1972.0,0.0,994.0,1855.0,2.0,0.0,1954.0,1.0,136900
111,7.0,2000.0,2000.0,0.0,384.0,1430.0,2.0,1.0,2000.0,2.0,180000
112,7.0,2007.0,2007.0,220.0,1264.0,2696.0,2.0,1.0,2007.0,3.0,383970
113,6.0,1953.0,1953.0,184.0,1809.0,2259.0,2.0,2.0,1953.0,2.0,217000
114,6.0,1945.0,2002.0,0.0,1028.0,2320.0,2.0,1.0,1945.0,1.0,259500
115,6.0,1999.0,1999.0,1129.0,729.0,1458.0,2.0,1.0,1999.0,2.0,176000
116,5.0,1962.0,1962.0,116.0,1092.0,1092.0,1.0,1.0,1962.0,1.0,139000
117,5.0,2006.0,2007.0,0.0,1125.0,1125.0,1.0,0.0,2007.0,2.0,155000
118,7.0,1990.0,1990.0,0.0,1673.0,3222.0,3.0,2.0,1990.0,3.0,320000
119,6.0,2005.0,2006.0,0.0,728.0,1456.0,2.0,1.0,2005.0,2.0,163990
120,6.0,1969.0,1969.0,0.0,938.0,988.0,1.0,2.0,1969.0,2.0,180000
121,4.0,1939.0,1950.0,0.0,732.0,1123.0,1.0,0.0,1979.0,1.0,100000
122,6.0,1958.0,1958.0,135.0,1080.0,1080.0,1.0,0.0,1958.0,1.0,136000
123,6.0,1993.0,1993.0,0.0,1199.0,1199.0,2.0,0.0,1993.0,2.0,153900
124,6.0,1979.0,1998.0,0.0,1362.0,1586.0,2.0,1.0,1979.0,2.0,181000
125,6.0,1935.0,1982.0,0.0,520.0,754.0,1.0,0.0,1900.0,0.0,84500
126,6.0,1976.0,1976.0,0.0,1078.0,958.0,2.0,1.0,1977.0,2.0,128000
127,5.0,1930.0,1950.0,0.0,672.0,840.0,1.0,1.0,1900.0,0.0,87000
128,6.0,1966.0,1966.0,266.0,660.0,1348.0,1.0,1.0,1966.0,2.0,155000
129,5.0,1958.0,1991.0,85.0,1008.0,1053.0,1.0,0.0,1998.0,2.0,150000
130,7.0,1966.0,1966.0,309.0,924.0,2157.0,2.0,2.0,1966.0,2.0,226000
131,6.0,2000.0,2000.0,40.0,992.0,2054.0,2.0,1.0,2000.0,2.0,244000
132,5.0,1959.0,2002.0,0.0,1063.0,1327.0,1.0,0.0,1974.0,2.0,150750
133,8.0,2001.0,2002.0,136.0,1267.0,1296.0,2.0,0.0,2001.0,2.0,220000
134,5.0,1968.0,1993.0,0.0,1461.0,1721.0,2.0,1.0,1968.0,2.0,180000
135,7.0,1970.0,1970.0,288.0,1304.0,1682.0,2.0,1.0,1970.0,2.0,174000
136,5.0,1967.0,1967.0,196.0,1214.0,1214.0,2.0,1.0,1967.0,1.0,143000
137,7.0,1988.0,1989.0,70.0,1907.0,1959.0,3.0,0.0,1989.0,3.0,171000
138,8.0,1999.0,2000.0,320.0,1004.0,1852.0,2.0,2.0,1999.0,3.0,230000
139,6.0,1997.0,1997.0,0.0,928.0,1764.0,2.0,0.0,1997.0,2.0,231500
140,4.0,1971.0,1971.0,0.0,864.0,864.0,1.0,1.0,1900.0,0.0,115000
141,7.0,2005.0,2005.0,0.0,1734.0,1734.0,2.0,0.0,2005.0,2.0,260000
142,5.0,1952.0,1952.0,0.0,910.0,1385.0,2.0,0.0,2000.0,2.0,166000
143,7.0,1999.0,1999.0,183.0,1490.0,1501.0,2.0,0.0,1999.0,2.0,204000
144,5.0,1963.0,1963.0,336.0,1728.0,1728.0,2.0,0.0,1963.0,2.0,125000
145,6.0,2004.0,2006.0,50.0,970.0,1709.0,2.0,0.0,2004.0,2.0,130000
146,5.0,1931.0,1993.0,0.0,715.0,875.0,1.0,0.0,1931.0,1.0,105000
147,7.0,2001.0,2001.0,180.0,884.0,2035.0,2.0,1.0,2001.0,2.0,222500
148,7.0,2004.0,2005.0,120.0,1080.0,1080.0,1.0,0.0,1900.0,0.0,141000
149,5.0,1936.0,1950.0,0.0,896.0,1344.0,1.0,0.0,1936.0,1.0,115000
150,5.0,1975.0,1975.0,0.0,969.0,969.0,1.0,0.0,1975.0,2.0,122000
151,8.0,2007.0,2008.0,436.0,1710.0,1710.0,2.0,1.0,2007.0,3.0,372402
152,6.0,1971.0,1971.0,252.0,825.0,1993.0,2.0,1.0,1971.0,2.0,190000
153,6.0,1960.0,1975.0,0.0,1602.0,1252.0,1.0,1.0,1960.0,2.0,235000
154,6.0,1923.0,1950.0,0.0,1200.0,1200.0,1.0,0.0,1923.0,1.0,125000
155,6.0,1924.0,1950.0,0.0,572.0,1096.0,1.0,0.0,1900.0,0.0,79000
156,5.0,1950.0,1950.0,0.0,0.0,1040.0,1.0,0.0,1950.0,2.0,109500
157,8.0,2009.0,2010.0,84.0,774.0,1968.0,2.0,1.0,2009.0,3.0,269500
158,7.0,2004.0,2005.0,0.0,991.0,1947.0,2.0,1.0,2004.0,2.0,254900
159,7.0,2005.0,2006.0,456.0,1392.0,2462.0,2.0,1.0,2006.0,2.0,320000
160,6.0,1984.0,1984.0,0.0,1232.0,1232.0,2.0,0.0,1984.0,2.0,162500
161,9.0,2003.0,2004.0,664.0,1572.0,2668.0,2.0,2.0,2003.0,3.0,412500
162,7.0,2005.0,2005.0,226.0,1541.0,1541.0,2.0,1.0,2005.0,2.0,220000
163,4.0,1956.0,1956.0,0.0,882.0,882.0,1.0,0.0,1900.0,0.0,103200
164,6.0,1926.0,2004.0,0.0,1149.0,1616.0,2.0,0.0,1926.0,1.0,152000
165,5.0,1940.0,1999.0,0.0,644.0,1355.0,2.0,0.0,1900.0,0.0,127500
166,5.0,1955.0,1993.0,0.0,1617.0,1867.0,1.0,3.0,1955.0,1.0,190000
167,8.0,2007.0,2007.0,300.0,1582.0,2161.0,1.0,1.0,2007.0,3.0,325624
168,7.0,2004.0,2004.0,0.0,840.0,1720.0,2.0,1.0,2004.0,2.0,183500
169,8.0,1981.0,1981.0,653.0,1686.0,1707.0,2.0,1.0,1981.0,2.0,228000
170,5.0,1941.0,1950.0,0.0,720.0,1382.0,1.0,0.0,1991.0,2.0,128500
171,6.0,1960.0,1960.0,112.0,1080.0,1656.0,1.0,2.0,1960.0,2.0,215000
172,7.0,1987.0,1987.0,0.0,1064.0,1767.0,2.0,1.0,1987.0,2.0,239000
173,6.0,1961.0,1961.0,491.0,1362.0,1362.0,1.0,1.0,1961.0,2.0,163000
174,6.0,1986.0,1986.0,132.0,1606.0,1651.0,2.0,1.0,1986.0,2.0,184000
175,6.0,1950.0,2001.0,0.0,1202.0,2158.0,2.0,1.0,1950.0,2.0,243000
176,6.0,1988.0,1989.0,268.0,1151.0,2060.0,2.0,1.0,1988.0,2.0,211000
177,5.0,1958.0,1958.0,0.0,1052.0,1920.0,2.0,1.0,1958.0,2.0,172500
178,9.0,2008.0,2009.0,748.0,2216.0,2234.0,2.0,1.0,2009.0,3.0,501837
179,5.0,1923.0,2006.0,0.0,968.0,968.0,1.0,0.0,1935.0,2.0,100000
180,6.0,2000.0,2000.0,456.0,756.0,1525.0,2.0,1.0,2000.0,2.0,177000
181,7.0,1920.0,1950.0,0.0,793.0,1802.0,1.0,1.0,1920.0,1.0,200100
182,5.0,1957.0,2006.0,98.0,0.0,1340.0,1.0,1.0,1957.0,1.0,120000
183,7.0,2003.0,2003.0,0.0,1362.0,2082.0,2.0,0.0,2003.0,2.0,200000
184,5.0,1908.0,1991.0,0.0,504.0,1252.0,1.0,0.0,1986.0,2.0,127000
185,10.0,1892.0,1993.0,0.0,1107.0,3608.0,2.0,2.0,1993.0,3.0,475000
186,7.0,1990.0,1991.0,0.0,1188.0,1217.0,2.0,0.0,1990.0,2.0,173000
187,5.0,1916.0,1987.0,0.0,660.0,1656.0,2.0,0.0,1916.0,1.0,135000
188,5.0,1979.0,1979.0,275.0,1086.0,1224.0,0.0,2.0,1979.0,2.0,153337
189,8.0,2001.0,2002.0,0.0,1593.0,1593.0,1.0,1.0,2001.0,2.0,286000
190,8.0,1932.0,1994.0,0.0,853.0,2727.0,2.0,2.0,1932.0,2.0,315000
191,7.0,1972.0,2004.0,138.0,725.0,1479.0,1.0,0.0,1972.0,2.0,184000
192,7.0,1999.0,1999.0,0.0,1431.0,1431.0,2.0,0.0,1999.0,2.0,192000
193,7.0,2004.0,2004.0,50.0,970.0,1709.0,2.0,0.0,2004.0,2.0,130000
194,5.0,1972.0,1972.0,0.0,864.0,864.0,1.0,0.0,1989.0,1.0,127000
195,6.0,1976.0,1976.0,0.0,855.0,1456.0,2.0,1.0,1976.0,2.0,148500
196,7.0,2007.0,2007.0,205.0,1726.0,1726.0,2.0,1.0,2007.0,3.0,311872
197,8.0,1918.0,1990.0,0.0,1360.0,3112.0,2.0,1.0,1918.0,2.0,235000
198,6.0,1912.0,1950.0,0.0,755.0,2229.0,1.0,0.0,1900.0,0.0,104000
199,8.0,2004.0,2005.0,262.0,1713.0,1713.0,2.0,1.0,2004.0,3.0,274900
200,4.0,2003.0,2004.0,0.0,1121.0,1121.0,2.0,0.0,2003.0,2.0,140000
201,6.0,1977.0,1977.0,0.0,1196.0,1279.0,2.0,2.0,1980.0,2.0,171500
202,6.0,1924.0,1950.0,0.0,617.0,1310.0,2.0,0.0,1924.0,1.0,112000
203,6.0,2004.0,2004.0,205.0,848.0,848.0,1.0,1.0,2004.0,2.0,149000
204,5.0,1947.0,1950.0,0.0,720.0,1284.0,1.0,0.0,1948.0,1.0,110000
205,7.0,1990.0,1990.0,0.0,1424.0,1442.0,2.0,0.0,1990.0,2.0,180500
206,5.0,1962.0,1962.0,0.0,1140.0,1696.0,1.0,1.0,1962.0,1.0,143900
207,4.0,1960.0,1960.0,0.0,1100.0,1100.0,1.0,1.0,1960.0,1.0,141000
208,7.0,1988.0,1989.0,128.0,1157.0,2062.0,2.0,1.0,1988.0,2.0,277000
209,6.0,1964.0,1964.0,260.0,1092.0,1092.0,1.0,0.0,1964.0,2.0,145000
210,5.0,1925.0,1950.0,0.0,864.0,864.0,1.0,0.0,1900.0,0.0,98000
211,6.0,2009.0,2009.0,0.0,1212.0,1212.0,2.0,0.0,2009.0,2.0,186000
212,7.0,2009.0,2009.0,0.0,900.0,1852.0,2.0,1.0,2009.0,2.0,252678
213,5.0,1995.0,1995.0,0.0,990.0,990.0,1.0,0.0,1996.0,2.0,156000
214,6.0,1977.0,1977.0,153.0,689.0,1392.0,1.0,0.0,1977.0,1.0,161750
215,5.0,1957.0,1996.0,64.0,1070.0,1236.0,1.0,1.0,1957.0,1.0,134450
216,7.0,2004.0,2004.0,266.0,1436.0,1436.0,2.0,0.0,2004.0,2.0,210000
217,4.0,1925.0,1950.0,0.0,686.0,1328.0,1.0,0.0,1940.0,1.0,107000
218,7.0,1939.0,2006.0,312.0,798.0,1954.0,1.0,2.0,1939.0,2.0,311500
219,7.0,2005.0,2006.0,16.0,1248.0,1248.0,2.0,0.0,2005.0,2.0,167240
220,7.0,2006.0,2006.0,0.0,1498.0,1498.0,2.0,0.0,2006.0,2.0,204900
221,6.0,2002.0,2002.0,0.0,1010.0,2267.0,2.0,1.0,2002.0,2.0,200000
222,6.0,1975.0,1975.0,0.0,713.0,1552.0,2.0,1.0,1975.0,2.0,179900
223,4.0,1971.0,1971.0,0.0,864.0,864.0,1.0,0.0,1989.0,2.0,97000
224,10.0,2003.0,2003.0,922.0,2392.0,2392.0,2.0,1.0,2003.0,3.0,386250
225,5.0,1971.0,1971.0,142.0,630.0,1302.0,2.0,0.0,1991.0,1.0,112000
226,7.0,1995.0,1995.0,290.0,1203.0,2520.0,2.0,1.0,1995.0,3.0,290000
227,6.0,1970.0,1970.0,127.0,483.0,987.0,1.0,0.0,1987.0,1.0,106000
228,5.0,1967.0,1967.0,0.0,912.0,912.0,1.0,1.0,1974.0,1.0,125000
229,7.0,2005.0,2006.0,16.0,1373.0,1555.0,2.0,1.0,2005.0,2.0,192500
230,6.0,1959.0,1959.0,220.0,1194.0,1194.0,1.0,0.0,1959.0,1.0,148000
231,8.0,1995.0,1996.0,506.0,1462.0,2794.0,2.0,1.0,1995.0,3.0,403000
232,6.0,1972.0,1972.0,297.0,483.0,987.0,1.0,1.0,1972.0,1.0,94500
233,5.0,1976.0,1976.0,0.0,894.0,894.0,1.0,0.0,1976.0,1.0,128200
234,6.0,2002.0,2002.0,0.0,860.0,1960.0,2.0,2.0,2002.0,2.0,216500
235,6.0,1971.0,1971.0,604.0,483.0,987.0,1.0,0.0,1971.0,1.0,89500
236,7.0,2004.0,2004.0,98.0,1414.0,1414.0,2.0,0.0,2004.0,2.0,185500
237,7.0,1993.0,2003.0,0.0,996.0,1744.0,2.0,0.0,1993.0,2.0,194500
238,8.0,2007.0,2007.0,254.0,1694.0,1694.0,2.0,0.0,2007.0,3.0,318000
239,6.0,1945.0,1950.0,0.0,735.0,1487.0,1.0,1.0,1949.0,1.0,113000
240,8.0,2008.0,2008.0,36.0,1566.0,1566.0,2.0,0.0,2008.0,2.0,262500
241,5.0,1945.0,1997.0,0.0,686.0,866.0,1.0,0.0,1900.0,0.0,110500
242,5.0,1900.0,1950.0,0.0,540.0,1440.0,1.0,0.0,1940.0,1.0,79000
243,6.0,1980.0,1980.0,0.0,626.0,1217.0,1.0,1.0,1980.0,1.0,120000
244,7.0,1994.0,2002.0,0.0,948.0,2110.0,2.0,2.0,1994.0,2.0,205000
245,7.0,1988.0,1988.0,102.0,1845.0,1872.0,2.0,1.0,1988.0,2.0,241500
246,6.0,1910.0,1950.0,0.0,1020.0,1928.0,2.0,0.0,1910.0,1.0,137000
247,6.0,1954.0,1954.0,0.0,1367.0,1375.0,1.0,1.0,1954.0,2.0,140000
248,7.0,2003.0,2003.0,101.0,840.0,1668.0,2.0,0.0,2003.0,2.0,180000
249,6.0,1958.0,2006.0,472.0,1444.0,2144.0,2.0,2.0,1958.0,2.0,277000
250,3.0,1940.0,1966.0,0.0,728.0,1306.0,1.0,0.0,1900.0,0.0,76500
251,8.0,2006.0,2007.0,481.0,1573.0,1625.0,2.0,1.0,2006.0,2.0,235000
252,6.0,2004.0,2004.0,0.0,798.0,1640.0,2.0,0.0,2004.0,2.0,173000
253,6.0,1964.0,1991.0,108.0,1302.0,1302.0,2.0,0.0,1964.0,1.0,158000
254,5.0,1957.0,1957.0,0.0,1314.0,1314.0,1.0,0.0,1957.0,1.0,145000
255,7.0,1999.0,1999.0,302.0,975.0,2291.0,2.0,1.0,1999.0,2.0,230000
256,6.0,2003.0,2003.0,0.0,864.0,1728.0,2.0,0.0,2003.0,2.0,207500
257,7.0,2006.0,2006.0,180.0,1604.0,1604.0,2.0,1.0,2006.0,2.0,220000
258,7.0,2001.0,2001.0,172.0,963.0,1792.0,2.0,1.0,2001.0,2.0,231500
259,5.0,1956.0,1956.0,0.0,0.0,882.0,1.0,0.0,1956.0,1.0,97000
260,6.0,1962.0,1962.0,399.0,1362.0,1382.0,1.0,1.0,1991.0,2.0,176000
261,8.0,2007.0,2007.0,270.0,1482.0,2574.0,2.0,1.0,2007.0,3.0,276000
262,6.0,1977.0,1995.0,46.0,506.0,1212.0,1.0,1.0,1978.0,2.0,151000
263,5.0,1929.0,2001.0,0.0,926.0,1316.0,1.0,0.0,1974.0,2.0,130000
264,5.0,1925.0,2004.0,0.0,680.0,764.0,1.0,0.0,1965.0,2.0,73000
265,6.0,1981.0,1981.0,210.0,1422.0,1422.0,2.0,1.0,1981.0,2.0,175500
266,6.0,1997.0,1997.0,0.0,802.0,1511.0,2.0,1.0,1997.0,2.0,185000
267,5.0,1939.0,1997.0,0.0,720.0,2192.0,2.0,1.0,1939.0,1.0,179500
268,5.0,1940.0,1955.0,0.0,740.0,778.0,1.0,1.0,1966.0,1.0,120500
269,6.0,1976.0,1976.0,174.0,1143.0,1113.0,1.0,1.0,1987.0,1.0,148000
270,8.0,2006.0,2006.0,0.0,1095.0,1939.0,2.0,1.0,2006.0,3.0,266000
271,7.0,1954.0,2005.0,0.0,1385.0,1363.0,1.0,2.0,1954.0,2.0,241500
272,8.0,1999.0,2007.0,348.0,1152.0,2270.0,2.0,1.0,1999.0,3.0,290000
273,6.0,1958.0,1988.0,183.0,1240.0,1632.0,2.0,1.0,1958.0,1.0,139000
274,5.0,1982.0,1982.0,0.0,816.0,816.0,1.0,0.0,1982.0,1.0,124500
275,7.0,1925.0,2007.0,0.0,952.0,1548.0,2.0,0.0,1978.0,2.0,205000
276,7.0,2003.0,2003.0,0.0,1560.0,1560.0,2.0,0.0,2003.0,2.0,201000
277,4.0,1951.0,1951.0,0.0,864.0,864.0,1.0,0.0,1951.0,2.0,141000
278,9.0,2006.0,2007.0,315.0,2121.0,2121.0,2.0,1.0,2007.0,3.0,415298
279,7.0,1977.0,1977.0,299.0,1160.0,2022.0,2.0,1.0,1977.0,2.0,192000
280,7.0,1989.0,1989.0,340.0,807.0,1982.0,2.0,1.0,1989.0,2.0,228500
281,6.0,2006.0,2006.0,68.0,1262.0,1262.0,2.0,0.0,2006.0,2.0,185000
282,7.0,2007.0,2008.0,166.0,1314.0,1314.0,2.0,1.0,2008.0,2.0,207500
283,8.0,2008.0,2009.0,72.0,1468.0,1468.0,2.0,1.0,2008.0,3.0,244600
284,6.0,1992.0,1992.0,0.0,1575.0,1575.0,2.0,0.0,1992.0,2.0,179200
285,7.0,2006.0,2007.0,0.0,625.0,1250.0,2.0,0.0,2006.0,2.0,164700
286,6.0,1962.0,1981.0,0.0,912.0,1734.0,1.0,1.0,1962.0,2.0,159000
287,4.0,1971.0,1971.0,0.0,858.0,858.0,1.0,0.0,1900.0,0.0,88000
288,5.0,1967.0,1967.0,31.0,882.0,900.0,1.0,0.0,1970.0,1.0,122000
289,6.0,1915.0,2003.0,0.0,698.0,1396.0,1.0,0.0,2003.0,1.0,153575
290,8.0,2006.0,2006.0,0.0,1079.0,1919.0,2.0,1.0,2006.0,2.0,233230
291,5.0,1912.0,2000.0,0.0,780.0,1716.0,2.0,0.0,1900.0,0.0,135900
292,5.0,1949.0,2008.0,0.0,768.0,1716.0,1.0,1.0,1949.0,1.0,131000
293,7.0,1977.0,1994.0,34.0,795.0,2263.0,2.0,1.0,1977.0,2.0,235000
294,6.0,1953.0,1953.0,238.0,1416.0,1644.0,1.0,2.0,1953.0,2.0,167000
295,6.0,1984.0,1984.0,0.0,1003.0,1003.0,1.0,0.0,1984.0,2.0,142500
296,5.0,1950.0,1950.0,0.0,910.0,1558.0,1.0,0.0,1950.0,1.0,152000
297,7.0,1997.0,1998.0,1600.0,975.0,1950.0,2.0,1.0,1997.0,2.0,239000
298,6.0,1968.0,1968.0,365.0,702.0,1743.0,1.0,1.0,1968.0,2.0,175000
299,6.0,1950.0,2004.0,0.0,1092.0,1152.0,1.0,1.0,1950.0,1.0,158500
300,5.0,1953.0,1953.0,56.0,1165.0,1336.0,1.0,2.0,1953.0,1.0,157000
301,8.0,1998.0,1999.0,0.0,1028.0,2452.0,2.0,1.0,1998.0,2.0,267000
302,7.0,2001.0,2002.0,150.0,1541.0,1541.0,2.0,1.0,2001.0,3.0,205000
303,5.0,1972.0,1972.0,0.0,894.0,894.0,1.0,0.0,1975.0,2.0,149900
304,7.0,1880.0,2002.0,0.0,1470.0,3493.0,3.0,1.0,2003.0,3.0,295000
305,8.0,2004.0,2005.0,246.0,2000.0,2000.0,2.0,0.0,2004.0,3.0,305900
306,7.0,1990.0,1991.0,246.0,700.0,2243.0,2.0,1.0,1990.0,3.0,225000
307,6.0,1920.0,1950.0,0.0,319.0,1406.0,1.0,0.0,1900.0,0.0,89500
308,4.0,1940.0,1950.0,0.0,861.0,861.0,1.0,0.0,1961.0,2.0,82500
309,9.0,2003.0,2004.0,0.0,1896.0,1944.0,2.0,3.0,2003.0,3.0,360000
310,6.0,1993.0,1994.0,112.0,697.0,1501.0,2.0,1.0,1993.0,2.0,165600
311,6.0,1948.0,2002.0,0.0,972.0,972.0,1.0,1.0,1948.0,1.0,132000
312,5.0,1939.0,1950.0,0.0,793.0,1118.0,1.0,1.0,1939.0,2.0,119900
313,7.0,1965.0,1965.0,0.0,2136.0,2036.0,2.0,2.0,1965.0,2.0,375000
314,7.0,1925.0,1990.0,0.0,728.0,1641.0,1.0,1.0,1925.0,2.0,178000
315,7.0,2004.0,2005.0,0.0,716.0,1432.0,2.0,1.0,2004.0,2.0,188500
316,7.0,1980.0,1980.0,278.0,845.0,2353.0,2.0,1.0,1983.0,2.0,260000
317,8.0,2006.0,2006.0,0.0,1088.0,1959.0,2.0,1.0,2006.0,3.0,270000
318,7.0,1993.0,1993.0,256.0,1347.0,2646.0,2.0,1.0,1993.0,3.0,260000
319,7.0,1980.0,1980.0,225.0,1372.0,1472.0,2.0,2.0,1980.0,2.0,187500
320,9.0,2006.0,2006.0,370.0,1249.0,2596.0,3.0,0.0,2006.0,3.0,342643
321,8.0,2004.0,2004.0,388.0,1136.0,2468.0,2.0,1.0,2004.0,3.0,354000
322,7.0,1986.0,1987.0,172.0,1502.0,2730.0,2.0,1.0,1987.0,2.0,301000
323,3.0,1955.0,2005.0,0.0,1162.0,1163.0,1.0,0.0,1955.0,1.0,126175
324,7.0,1967.0,2007.0,300.0,710.0,2978.0,2.0,1.0,1961.0,2.0,242000
325,5.0,1941.0,1950.0,0.0,720.0,803.0,1.0,0.0,1941.0,2.0,87000
326,8.0,1993.0,1993.0,0.0,1719.0,1719.0,1.0,2.0,1993.0,2.0,324000
327,6.0,1960.0,1960.0,175.0,1383.0,1383.0,1.0,0.0,1960.0,1.0,145250
328,6.0,1916.0,1994.0,0.0,844.0,2134.0,2.0,0.0,1930.0,2.0,214500
329,5.0,1920.0,1950.0,0.0,596.0,1192.0,1.0,0.0,1920.0,1.0,78000
330,5.0,1964.0,1964.0,84.0,1728.0,1728.0,2.0,0.0,2002.0,1.0,119000
331,5.0,1958.0,1992.0,0.0,1056.0,1056.0,1.0,0.0,1958.0,1.0,139000
332,8.0,2003.0,2004.0,296.0,3206.0,1629.0,2.0,1.0,2003.0,3.0,284000
333,7.0,2004.0,2004.0,146.0,1358.0,1358.0,2.0,1.0,2004.0,2.0,207000
334,6.0,1998.0,1998.0,0.0,943.0,1638.0,2.0,2.0,1998.0,2.0,192000
335,5.0,1965.0,1965.0,0.0,1499.0,1786.0,2.0,2.0,1965.0,2.0,228950
336,9.0,2005.0,2006.0,200.0,1922.0,1922.0,2.0,1.0,2005.0,3.0,377426
337,7.0,2002.0,2003.0,113.0,1536.0,1536.0,2.0,0.0,2002.0,2.0,214000
338,7.0,1984.0,1998.0,0.0,1208.0,1621.0,2.0,0.0,1984.0,2.0,202500
339,6.0,1958.0,1998.0,176.0,1215.0,1215.0,1.0,0.0,1958.0,1.0,155000
340,8.0,2002.0,2002.0,0.0,967.0,1908.0,2.0,0.0,2002.0,2.0,202900
341,4.0,1950.0,1950.0,0.0,721.0,841.0,1.0,0.0,1950.0,1.0,82000
342,3.0,1949.0,1950.0,340.0,0.0,1040.0,2.0,0.0,1949.0,2.0,87500
343,9.0,2005.0,2005.0,616.0,1684.0,1684.0,2.0,1.0,2005.0,2.0,266000
344,5.0,1976.0,1976.0,0.0,536.0,1112.0,1.0,0.0,1976.0,1.0,85000
345,6.0,1939.0,1950.0,0.0,972.0,1577.0,1.0,1.0,1939.0,1.0,140200
346,6.0,1960.0,1998.0,0.0,958.0,958.0,1.0,0.0,1960.0,1.0,151500
347,6.0,1960.0,1960.0,30.0,1478.0,1478.0,2.0,2.0,1960.0,2.0,157500
348,7.0,2003.0,2004.0,106.0,764.0,1626.0,2.0,0.0,2003.0,2.0,154000
349,9.0,2005.0,2006.0,870.0,1848.0,2728.0,2.0,2.0,2006.0,3.0,437154
350,9.0,2007.0,2007.0,362.0,1869.0,1869.0,2.0,1.0,2007.0,2.0,318061
351,7.0,1986.0,1986.0,0.0,1453.0,1453.0,1.0,1.0,1986.0,2.0,190000
352,5.0,1941.0,1950.0,0.0,616.0,1111.0,1.0,0.0,1941.0,1.0,95000
353,6.0,1928.0,2003.0,0.0,624.0,720.0,1.0,0.0,2005.0,2.0,105900
354,6.0,1940.0,2000.0,0.0,940.0,1595.0,1.0,2.0,1940.0,1.0,140000
355,6.0,1995.0,1995.0,0.0,1200.0,1200.0,2.0,0.0,1995.0,2.0,177500
356,6.0,1992.0,1992.0,106.0,1158.0,1167.0,2.0,0.0,1992.0,2.0,173000
357,5.0,1976.0,1976.0,0.0,1142.0,1142.0,1.0,1.0,1976.0,2.0,134000
358,5.0,1958.0,1958.0,120.0,1062.0,1352.0,1.0,0.0,1958.0,1.0,130000
359,8.0,1998.0,1998.0,530.0,1086.0,1924.0,2.0,1.0,1998.0,2.0,280000
360,6.0,1978.0,1978.0,0.0,888.0,912.0,1.0,1.0,1978.0,2.0,156000
361,5.0,1940.0,1982.0,0.0,883.0,1505.0,1.0,0.0,1940.0,1.0,145000
362,7.0,2003.0,2003.0,500.0,0.0,1922.0,3.0,1.0,2003.0,2.0,198500
363,6.0,1972.0,2007.0,510.0,483.0,987.0,1.0,0.0,1972.0,1.0,118000
364,6.0,1976.0,1976.0,120.0,796.0,1574.0,2.0,1.0,1976.0,2.0,190000
365,5.0,1920.0,1997.0,0.0,672.0,1344.0,1.0,0.0,1964.0,1.0,147000
366,6.0,1963.0,1963.0,247.0,1394.0,1394.0,1.0,2.0,1963.0,2.0,159000
367,6.0,1962.0,1962.0,305.0,1099.0,1431.0,1.0,1.0,1962.0,1.0,165000
368,5.0,1954.0,1954.0,200.0,1268.0,1268.0,1.0,1.0,1954.0,1.0,132000
369,5.0,1959.0,2006.0,0.0,1063.0,1287.0,1.0,1.0,1997.0,2.0,162000
370,6.0,2000.0,2000.0,0.0,953.0,1664.0,2.0,1.0,2000.0,2.0,172400
371,4.0,1959.0,1959.0,0.0,0.0,1588.0,2.0,1.0,1991.0,2.0,134432
372,6.0,1984.0,1984.0,0.0,744.0,752.0,1.0,0.0,1984.0,1.0,125000
373,5.0,1953.0,1953.0,0.0,608.0,1319.0,1.0,0.0,1953.0,1.0,123000
374,7.0,2003.0,2004.0,0.0,847.0,1928.0,2.0,1.0,2003.0,2.0,219500
375,1.0,1922.0,1950.0,0.0,683.0,904.0,0.0,0.0,1900.0,0.0,61000
376,5.0,1996.0,1996.0,0.0,870.0,914.0,1.0,0.0,1998.0,2.0,148000
377,8.0,2004.0,2005.0,0.0,1580.0,2466.0,3.0,1.0,2004.0,2.0,340000
378,9.0,2010.0,2010.0,350.0,1856.0,1856.0,1.0,1.0,2010.0,3.0,394432
379,6.0,2000.0,2000.0,16.0,982.0,1800.0,2.0,1.0,2000.0,2.0,179000
380,5.0,1924.0,1950.0,0.0,1026.0,1691.0,2.0,1.0,1924.0,1.0,127000
381,7.0,2006.0,2006.0,0.0,1293.0,1301.0,2.0,1.0,2006.0,2.0,187750
382,7.0,2006.0,2006.0,0.0,939.0,1797.0,2.0,0.0,2006.0,2.0,213500
383,6.0,1928.0,1950.0,0.0,784.0,784.0,1.0,0.0,1950.0,2.0,76000
384,6.0,1992.0,1992.0,0.0,1580.0,1953.0,2.0,2.0,1992.0,2.0,240000
385,8.0,2004.0,2005.0,16.0,1256.0,1269.0,2.0,1.0,2004.0,2.0,192000
386,5.0,1910.0,1996.0,0.0,658.0,1184.0,1.0,0.0,1900.0,0.0,81000
387,6.0,1976.0,1976.0,255.0,1041.0,1125.0,1.0,1.0,1977.0,1.0,125000
388,7.0,1999.0,2000.0,125.0,1468.0,1479.0,2.0,0.0,1999.0,2.0,191000
389,10.0,2007.0,2008.0,272.0,1682.0,2332.0,2.0,1.0,2008.0,3.0,426000
390,5.0,1900.0,1950.0,0.0,861.0,1367.0,1.0,0.0,1978.0,1.0,119000
391,6.0,2001.0,2002.0,0.0,804.0,1961.0,2.0,1.0,2001.0,2.0,215000
392,5.0,1959.0,1959.0,0.0,0.0,882.0,1.0,0.0,1959.0,1.0,106500
393,4.0,1941.0,1950.0,0.0,788.0,788.0,1.0,2.0,1900.0,0.0,100000
394,5.0,1940.0,1950.0,0.0,735.0,1034.0,1.0,0.0,1940.0,1.0,109000
395,5.0,1956.0,1956.0,0.0,1144.0,1144.0,1.0,0.0,1956.0,1.0,129000
396,5.0,1972.0,1972.0,0.0,894.0,894.0,1.0,0.0,1985.0,2.0,123000
397,5.0,1962.0,1962.0,288.0,864.0,1812.0,2.0,1.0,1962.0,1.0,169500
398,5.0,1920.0,1950.0,0.0,961.0,1077.0,1.0,0.0,1920.0,1.0,67000
399,7.0,2006.0,2007.0,100.0,1092.0,1550.0,2.0,0.0,2007.0,2.0,241000
400,8.0,1996.0,1996.0,0.0,1260.0,1288.0,1.0,2.0,1996.0,2.0,245500
401,7.0,2005.0,2005.0,0.0,1310.0,1310.0,2.0,1.0,2005.0,2.0,164990
402,5.0,1940.0,1997.0,0.0,672.0,672.0,1.0,0.0,1940.0,1.0,108000
403,8.0,1998.0,1998.0,650.0,1141.0,2263.0,2.0,1.0,1998.0,2.0,258000
404,6.0,1995.0,1996.0,0.0,806.0,1572.0,2.0,1.0,1995.0,2.0,168000
405,4.0,1976.0,1993.0,0.0,1281.0,1620.0,2.0,1.0,1993.0,2.0,150000
406,6.0,1936.0,1950.0,0.0,1064.0,1639.0,1.0,0.0,1936.0,1.0,115000
407,6.0,1915.0,1976.0,0.0,840.0,1680.0,2.0,0.0,1960.0,1.0,177000
408,7.0,2006.0,2006.0,350.0,1063.0,2172.0,2.0,1.0,2006.0,3.0,280000
409,8.0,2007.0,2008.0,100.0,1034.0,2078.0,2.0,1.0,2008.0,3.0,339750
410,5.0,1958.0,1958.0,0.0,1276.0,1276.0,1.0,0.0,1958.0,1.0,60000
411,5.0,1955.0,1955.0,0.0,1056.0,1056.0,1.0,0.0,1955.0,2.0,145000
412,7.0,2009.0,2009.0,432.0,1470.0,1478.0,2.0,1.0,2009.0,2.0,222000
413,5.0,1927.0,1950.0,0.0,1008.0,1028.0,1.0,1.0,1927.0,2.0,115000
414,7.0,1993.0,1993.0,0.0,1080.0,2097.0,2.0,1.0,1993.0,3.0,228000
415,7.0,2007.0,2007.0,0.0,1340.0,1340.0,2.0,0.0,2007.0,2.0,181134
416,6.0,1978.0,1978.0,203.0,672.0,1400.0,1.0,1.0,1978.0,2.0,149500
417,6.0,1918.0,1950.0,0.0,1370.0,2624.0,2.0,1.0,1918.0,3.0,239000
418,5.0,1940.0,1950.0,0.0,756.0,1134.0,1.0,0.0,1940.0,1.0,126000
419,5.0,1968.0,1968.0,0.0,1056.0,1056.0,1.0,1.0,1968.0,1.0,142000
420,7.0,1997.0,1998.0,200.0,1344.0,1344.0,2.0,0.0,1997.0,4.0,206300
421,6.0,1977.0,2000.0,126.0,1602.0,1602.0,2.0,1.0,1977.0,2.0,215000
422,5.0,1954.0,1954.0,0.0,988.0,988.0,1.0,0.0,1954.0,2.0,113000
423,8.0,1998.0,1998.0,473.0,1470.0,2630.0,2.0,1.0,1998.0,3.0,315000
424,6.0,1956.0,1956.0,74.0,1196.0,1196.0,1.0,1.0,1956.0,1.0,139000
425,7.0,1946.0,1992.0,0.0,651.0,1389.0,1.0,2.0,1947.0,1.0,135000
426,7.0,1989.0,1989.0,145.0,1518.0,1644.0,2.0,1.0,1989.0,2.0,275000
427,4.0,1957.0,1957.0,0.0,907.0,907.0,1.0,0.0,1964.0,1.0,109008
428,7.0,2007.0,2007.0,108.0,1208.0,1208.0,2.0,0.0,2007.0,2.0,195400
429,6.0,1988.0,1988.0,0.0,1392.0,1412.0,2.0,1.0,1988.0,2.0,175000
430,6.0,1971.0,1971.0,232.0,483.0,987.0,1.0,0.0,1971.0,1.0,85400
431,6.0,1920.0,1998.0,0.0,901.0,1198.0,1.0,0.0,1900.0,0.0,79900
432,5.0,1971.0,1971.0,376.0,765.0,1365.0,1.0,0.0,1971.0,2.0,122500
433,6.0,1997.0,1998.0,0.0,926.0,1604.0,2.0,1.0,1997.0,2.0,181000
434,4.0,1972.0,1972.0,0.0,630.0,630.0,1.0,0.0,1900.0,0.0,81000
435,7.0,1996.0,1996.0,0.0,799.0,1661.0,2.0,1.0,1996.0,2.0,212000
436,6.0,1920.0,1950.0,0.0,648.0,1118.0,1.0,0.0,1990.0,2.0,116000
437,6.0,1926.0,2004.0,0.0,884.0,904.0,1.0,0.0,1926.0,1.0,119000
438,5.0,1913.0,2002.0,0.0,440.0,694.0,1.0,1.0,1990.0,1.0,90350
439,6.0,1920.0,2000.0,0.0,684.0,1196.0,1.0,0.0,2005.0,2.0,110000
440,10.0,2008.0,2008.0,200.0,3094.0,2402.0,2.0,2.0,2008.0,3.0,555000
441,4.0,1955.0,1955.0,270.0,1440.0,1440.0,2.0,0.0,1900.0,0.0,118000
442,5.0,1930.0,1992.0,0.0,1078.0,1573.0,2.0,1.0,1930.0,2.0,162900
443,7.0,2006.0,2007.0,72.0,1258.0,1258.0,2.0,1.0,2007.0,3.0,172500
444,7.0,1994.0,1995.0,0.0,915.0,1908.0,2.0,1.0,1994.0,2.0,210000
445,6.0,1956.0,1956.0,0.0,1436.0,1689.0,1.0,1.0,1956.0,2.0,127500
446,6.0,1966.0,2002.0,0.0,1517.0,1888.0,2.0,1.0,1966.0,2.0,190000
447,7.0,1998.0,1999.0,0.0,930.0,1886.0,2.0,1.0,1998.0,2.0,199900
448,6.0,1937.0,1950.0,0.0,780.0,1376.0,2.0,1.0,1937.0,1.0,119500
449,3.0,1948.0,2002.0,0.0,649.0,1183.0,1.0,0.0,1981.0,1.0,120000
450,6.0,1930.0,2005.0,0.0,813.0,813.0,1.0,0.0,1932.0,1.0,110000
451,7.0,1975.0,1975.0,0.0,1533.0,1533.0,2.0,2.0,1975.0,2.0,280000
452,6.0,1996.0,1997.0,42.0,872.0,1756.0,2.0,0.0,1996.0,2.0,204000
453,8.0,2008.0,2008.0,0.0,768.0,1590.0,2.0,0.0,2008.0,2.0,210000
454,5.0,1976.0,1976.0,0.0,1728.0,1728.0,2.0,0.0,1976.0,2.0,188000
455,7.0,1973.0,1973.0,320.0,1242.0,1242.0,1.0,1.0,1973.0,2.0,175500
456,5.0,1916.0,1950.0,0.0,624.0,1344.0,1.0,0.0,1916.0,3.0,98000
457,4.0,1954.0,1994.0,0.0,1364.0,1663.0,1.0,2.0,1954.0,2.0,256000
458,8.0,1925.0,1996.0,0.0,588.0,1666.0,1.0,1.0,1925.0,1.0,161000
459,5.0,1950.0,1950.0,161.0,709.0,1203.0,1.0,1.0,1950.0,1.0,110000
460,8.0,2009.0,2009.0,110.0,832.0,1935.0,2.0,0.0,2009.0,2.0,263435
461,7.0,1936.0,2007.0,0.0,560.0,1135.0,1.0,0.0,1971.0,2.0,155000
462,5.0,1965.0,1965.0,0.0,864.0,864.0,1.0,1.0,1965.0,1.0,62383
463,6.0,1934.0,1995.0,0.0,715.0,1660.0,1.0,1.0,1939.0,1.0,188700
464,5.0,1978.0,1978.0,136.0,1040.0,1040.0,2.0,0.0,1900.0,0.0,124000
465,7.0,2004.0,2004.0,18.0,1375.0,1414.0,2.0,1.0,2004.0,2.0,178740
466,7.0,1970.0,1970.0,0.0,1277.0,1277.0,1.0,1.0,1970.0,2.0,167000
467,5.0,1942.0,1995.0,224.0,728.0,1644.0,1.0,2.0,1942.0,1.0,146500
468,8.0,2006.0,2006.0,248.0,1626.0,1634.0,2.0,1.0,2006.0,3.0,250000
469,6.0,1993.0,1993.0,120.0,832.0,1710.0,2.0,0.0,1993.0,2.0,187000
470,8.0,1985.0,1985.0,0.0,1488.0,1502.0,1.0,0.0,1985.0,2.0,212000
471,7.0,1977.0,1977.0,0.0,808.0,1969.0,2.0,1.0,1977.0,2.0,190000
472,6.0,2005.0,2005.0,80.0,547.0,1072.0,1.0,0.0,2005.0,2.0,148000
473,8.0,2006.0,2007.0,304.0,1976.0,1976.0,2.0,1.0,2006.0,3.0,440000
474,8.0,2000.0,2000.0,0.0,1494.0,1652.0,2.0,0.0,2000.0,2.0,251000
475,5.0,1963.0,1963.0,0.0,970.0,970.0,1.0,0.0,1996.0,2.0,132500
476,6.0,1997.0,1998.0,215.0,1478.0,1493.0,2.0,1.0,1997.0,2.0,208900
477,9.0,2006.0,2006.0,772.0,2153.0,2643.0,2.0,1.0,2006.0,3.0,380000
478,8.0,2007.0,2008.0,336.0,1705.0,1718.0,2.0,1.0,2007.0,3.0,297000
479,4.0,1937.0,2000.0,435.0,907.0,1131.0,1.0,0.0,1995.0,2.0,89471
480,9.0,2004.0,2005.0,378.0,1833.0,1850.0,2.0,1.0,2004.0,3.0,326000
481,9.0,2003.0,2004.0,562.0,1792.0,1792.0,2.0,1.0,2003.0,3.0,374000
482,7.0,1915.0,2005.0,0.0,910.0,1826.0,1.0,1.0,1915.0,1.0,155000
483,6.0,1998.0,1998.0,116.0,1216.0,1216.0,2.0,0.0,1998.0,2.0,164000
484,5.0,1962.0,2001.0,0.0,999.0,999.0,1.0,0.0,1963.0,1.0,132500
485,5.0,1950.0,2007.0,0.0,1113.0,1113.0,1.0,1.0,1950.0,1.0,147000
486,5.0,1965.0,1965.0,168.0,1073.0,1073.0,1.0,0.0,1965.0,2.0,156000
487,5.0,1971.0,1971.0,0.0,1484.0,1484.0,2.0,1.0,1971.0,2.0,175000
488,5.0,1900.0,1970.0,0.0,954.0,2414.0,2.0,1.0,1970.0,2.0,160000
489,4.0,1970.0,2002.0,0.0,630.0,630.0,1.0,0.0,1970.0,1.0,86000
490,5.0,1976.0,1976.0,0.0,264.0,1304.0,1.0,1.0,1976.0,1.0,115000
491,6.0,1941.0,1950.0,0.0,806.0,1578.0,1.0,2.0,1941.0,1.0,133000
492,6.0,2006.0,2006.0,0.0,728.0,1456.0,2.0,0.0,2006.0,2.0,172785
493,5.0,1960.0,1960.0,0.0,1269.0,1269.0,1.0,1.0,1964.0,1.0,155000
494,5.0,1938.0,1996.0,0.0,190.0,886.0,1.0,0.0,1938.0,1.0,91300
495,4.0,1920.0,1950.0,0.0,720.0,720.0,1.0,0.0,1900.0,0.0,34900
496,8.0,1992.0,1993.0,0.0,3200.0,3228.0,3.0,1.0,1992.0,2.0,430000
497,7.0,1925.0,1950.0,0.0,1026.0,1820.0,2.0,0.0,1925.0,1.0,184000
498,5.0,1967.0,2004.0,89.0,864.0,899.0,1.0,0.0,1967.0,1.0,130000
499,5.0,1958.0,1985.0,0.0,912.0,912.0,1.0,0.0,1958.0,1.0,120000
500,6.0,1973.0,1973.0,285.0,672.0,1218.0,1.0,0.0,1973.0,1.0,113000
501,7.0,2005.0,2005.0,0.0,866.0,1768.0,2.0,0.0,2005.0,2.0,226700
502,5.0,1965.0,1965.0,0.0,1214.0,1214.0,1.0,0.0,1965.0,2.0,140000
503,7.0,1959.0,1997.0,0.0,1501.0,1801.0,2.0,2.0,1959.0,2.0,289000
504,6.0,1974.0,1974.0,0.0,855.0,1322.0,2.0,1.0,1974.0,2.0,147000
505,5.0,1952.0,1952.0,360.0,960.0,1960.0,2.0,0.0,1952.0,2.0,124500
506,8.0,1993.0,1994.0,125.0,777.0,1911.0,2.0,1.0,1993.0,2.0,215000
507,6.0,2009.0,2009.0,0.0,1218.0,1218.0,2.0,0.0,2009.0,2.0,208300
508,7.0,1928.0,2005.0,0.0,689.0,1378.0,2.0,1.0,1928.0,2.0,161000
509,5.0,1959.0,1959.0,132.0,1041.0,1041.0,1.0,0.0,1959.0,1.0,124500
510,5.0,1951.0,2000.0,70.0,1008.0,1363.0,1.0,2.0,1951.0,1.0,164900
511,7.0,2005.0,2006.0,94.0,1368.0,1368.0,2.0,1.0,2005.0,2.0,202665
512,5.0,1958.0,1958.0,0.0,864.0,864.0,1.0,0.0,1964.0,2.0,129900
513,6.0,1983.0,1983.0,0.0,1084.0,1080.0,1.0,0.0,1983.0,2.0,134000
514,5.0,1926.0,1950.0,0.0,768.0,789.0,1.0,0.0,1926.0,1.0,96500
515,10.0,2009.0,2009.0,305.0,2006.0,2020.0,2.0,1.0,2009.0,3.0,402861
516,6.0,1972.0,1972.0,333.0,689.0,2119.0,2.0,1.0,1972.0,2.0,158000
517,7.0,1996.0,1997.0,921.0,1264.0,2344.0,2.0,1.0,1996.0,3.0,265000
518,6.0,1998.0,1998.0,0.0,794.0,1796.0,2.0,0.0,1998.0,2.0,211000
519,7.0,1926.0,2004.0,0.0,1276.0,2080.0,1.0,2.0,1926.0,1.0,234000
520,4.0,1900.0,2000.0,0.0,0.0,1294.0,2.0,0.0,1900.0,0.0,106250
521,6.0,1957.0,1957.0,0.0,1244.0,1244.0,1.0,2.0,1957.0,1.0,150000
522,6.0,1947.0,1950.0,0.0,1004.0,1664.0,2.0,2.0,1950.0,2.0,159000
523,10.0,2007.0,2008.0,762.0,3138.0,4676.0,3.0,1.0,2007.0,3.0,184750
524,7.0,1996.0,1997.0,594.0,1379.0,2398.0,2.0,1.0,1996.0,3.0,315750
525,7.0,2005.0,2005.0,0.0,1257.0,1266.0,2.0,1.0,2005.0,2.0,176000
526,5.0,1956.0,2000.0,0.0,928.0,928.0,1.0,0.0,1956.0,1.0,132000
527,9.0,2008.0,2008.0,268.0,1452.0,2713.0,2.0,1.0,2008.0,3.0,446261
528,4.0,1920.0,2002.0,0.0,528.0,605.0,1.0,0.0,1900.0,0.0,86000
529,6.0,1957.0,1975.0,0.0,2035.0,2515.0,3.0,2.0,1975.0,2.0,200624
530,6.0,1988.0,1989.0,219.0,1461.0,1509.0,2.0,1.0,1988.0,2.0,175000
531,6.0,1920.0,1999.0,0.0,611.0,1362.0,2.0,0.0,1920.0,2.0,128000
532,5.0,1955.0,2007.0,0.0,0.0,827.0,1.0,1.0,1967.0,1.0,107500
533,1.0,1946.0,1950.0,0.0,0.0,334.0,1.0,0.0,1900.0,0.0,39300
534,8.0,2004.0,2004.0,0.0,707.0,1414.0,2.0,1.0,2004.0,2.0,178000
535,5.0,1910.0,1991.0,0.0,1117.0,1347.0,1.0,0.0,1900.0,0.0,107500
536,7.0,1998.0,1999.0,0.0,880.0,1724.0,2.0,0.0,1998.0,2.0,188000
537,4.0,1972.0,1972.0,0.0,864.0,864.0,1.0,0.0,1980.0,2.0,111250
538,5.0,1968.0,1968.0,188.0,1051.0,1159.0,1.0,1.0,1968.0,1.0,158000
539,8.0,2001.0,2002.0,479.0,1581.0,1601.0,2.0,1.0,2001.0,2.0,272000
540,9.0,2006.0,2006.0,584.0,1838.0,1838.0,2.0,1.0,2006.0,3.0,315000
541,8.0,2000.0,2000.0,72.0,969.0,2285.0,2.0,1.0,2000.0,3.0,248000
542,7.0,1998.0,1999.0,0.0,1650.0,1680.0,2.0,1.0,1998.0,2.0,213250
543,7.0,1998.0,1998.0,182.0,723.0,767.0,1.0,0.0,1998.0,1.0,133000
544,7.0,2006.0,2006.0,0.0,654.0,1496.0,2.0,1.0,2006.0,2.0,179665
545,7.0,1988.0,1988.0,178.0,1204.0,2183.0,2.0,0.0,1988.0,3.0,229000
546,6.0,1923.0,1950.0,0.0,1065.0,1635.0,1.0,1.0,1950.0,2.0,210000
547,5.0,1970.0,1970.0,0.0,768.0,768.0,1.0,0.0,1987.0,2.0,129500
548,5.0,1955.0,1995.0,0.0,825.0,825.0,1.0,0.0,1963.0,2.0,125000
549,7.0,2003.0,2004.0,0.0,912.0,2094.0,2.0,1.0,2003.0,2.0,263000
550,6.0,1977.0,1977.0,0.0,1069.0,1069.0,2.0,0.0,1977.0,2.0,140000
551,5.0,1957.0,1957.0,0.0,928.0,928.0,1.0,0.0,1957.0,1.0,112500
552,8.0,2006.0,2006.0,250.0,1709.0,1717.0,2.0,1.0,2006.0,3.0,255500
553,4.0,1949.0,2003.0,0.0,0.0,1126.0,2.0,0.0,2002.0,2.0,108000
554,7.0,2003.0,2004.0,292.0,998.0,2046.0,2.0,1.0,2003.0,3.0,284000
555,5.0,1922.0,1950.0,0.0,993.0,1048.0,1.0,1.0,1922.0,1.0,113000
556,5.0,1957.0,1957.0,0.0,1092.0,1092.0,1.0,1.0,1957.0,1.0,141000
557,4.0,1920.0,1950.0,0.0,637.0,1336.0,1.0,0.0,1994.0,1.0,108000
558,7.0,1996.0,1997.0,0.0,729.0,1446.0,2.0,1.0,1996.0,2.0,175000
559,7.0,2003.0,2004.0,18.0,1374.0,1557.0,2.0,1.0,2003.0,2.0,234000
560,5.0,1957.0,1996.0,180.0,1392.0,1392.0,1.0,1.0,1957.0,2.0,121500
561,5.0,1974.0,1975.0,0.0,1389.0,1389.0,1.0,1.0,1975.0,2.0,170000
562,5.0,1940.0,1969.0,0.0,996.0,996.0,1.0,1.0,1900.0,0.0,108000
563,6.0,1918.0,1950.0,0.0,1163.0,1674.0,2.0,1.0,1955.0,2.0,185000
564,7.0,1992.0,2000.0,0.0,1095.0,2295.0,2.0,1.0,1992.0,2.0,268000
565,6.0,1915.0,1950.0,0.0,806.0,1647.0,1.0,0.0,1920.0,1.0,128000
566,9.0,2005.0,2007.0,245.0,1122.0,2504.0,2.0,1.0,2005.0,3.0,325000
567,7.0,2004.0,2004.0,168.0,1517.0,1535.0,2.0,0.0,2004.0,2.0,214000
568,8.0,1983.0,2009.0,0.0,1496.0,2132.0,1.0,1.0,1983.0,2.0,316600
569,5.0,1979.0,1979.0,0.0,943.0,943.0,1.0,2.0,1979.0,2.0,135960
570,5.0,1965.0,1965.0,108.0,1728.0,1728.0,2.0,0.0,1987.0,2.0,142600
571,6.0,1959.0,1959.0,207.0,864.0,864.0,1.0,0.0,1959.0,1.0,120000
572,7.0,2009.0,2009.0,0.0,846.0,1692.0,2.0,0.0,2009.0,2.0,224500
573,7.0,2000.0,2000.0,0.0,384.0,1430.0,2.0,1.0,2000.0,2.0,170000
574,5.0,1971.0,2005.0,82.0,372.0,1109.0,1.0,0.0,1971.0,1.0,139000
575,5.0,1947.0,1950.0,0.0,832.0,1216.0,1.0,0.0,1947.0,1.0,118500
576,7.0,1928.0,1950.0,0.0,861.0,1477.0,2.0,1.0,1928.0,1.0,145000
577,5.0,1966.0,1966.0,97.0,1164.0,1320.0,1.0,2.0,1966.0,2.0,164500
578,7.0,2007.0,2007.0,0.0,689.0,1392.0,2.0,0.0,2007.0,2.0,146000
579,5.0,1954.0,1954.0,335.0,1050.0,1795.0,2.0,0.0,1954.0,1.0,131500
580,6.0,1960.0,1987.0,85.0,1144.0,1429.0,1.0,2.0,1960.0,2.0,181900
581,8.0,2008.0,2009.0,306.0,2042.0,2042.0,2.0,1.0,2009.0,3.0,253293
582,6.0,1990.0,1990.0,104.0,816.0,816.0,1.0,0.0,1900.0,0.0,118500
583,10.0,1893.0,2000.0,0.0,1237.0,2775.0,3.0,1.0,1988.0,2.0,325000
584,4.0,1935.0,1995.0,0.0,884.0,1573.0,1.0,0.0,1935.0,1.0,133000
585,8.0,2005.0,2006.0,208.0,1868.0,2028.0,2.0,2.0,2005.0,3.0,369900
586,6.0,1918.0,2000.0,0.0,816.0,838.0,1.0,0.0,1961.0,1.0,130000
587,5.0,1982.0,1982.0,0.0,840.0,860.0,1.0,0.0,1996.0,2.0,137000
588,5.0,1968.0,2003.0,0.0,1437.0,1473.0,1.0,2.0,1968.0,1.0,143000
589,5.0,1930.0,1960.0,0.0,742.0,935.0,1.0,0.0,1988.0,1.0,79500
590,7.0,2004.0,2004.0,0.0,770.0,1582.0,2.0,0.0,2004.0,2.0,185900
591,10.0,2008.0,2008.0,420.0,1722.0,2296.0,2.0,1.0,2008.0,3.0,451950
592,5.0,1982.0,2003.0,0.0,816.0,816.0,1.0,0.0,1985.0,2.0,138000
593,6.0,2003.0,2003.0,170.0,848.0,848.0,1.0,0.0,2003.0,2.0,140000
594,5.0,1975.0,1975.0,0.0,924.0,924.0,1.0,0.0,1981.0,1.0,110000
595,8.0,2005.0,2006.0,238.0,1814.0,1826.0,2.0,1.0,2005.0,3.0,319000
596,6.0,1910.0,1993.0,0.0,684.0,1368.0,1.0,0.0,1930.0,1.0,114504
597,7.0,2006.0,2007.0,72.0,1258.0,1402.0,0.0,1.0,2006.0,3.0,194201
598,5.0,1977.0,1977.0,459.0,1430.0,1647.0,2.0,1.0,1977.0,2.0,217500
599,6.0,1980.0,1980.0,0.0,716.0,1556.0,2.0,1.0,1980.0,2.0,151000
600,8.0,2005.0,2005.0,280.0,1058.0,1904.0,2.0,1.0,2003.0,2.0,275000
601,6.0,1937.0,1950.0,0.0,780.0,1375.0,1.0,1.0,1979.0,1.0,141000
602,8.0,1992.0,1992.0,0.0,908.0,1915.0,2.0,1.0,1992.0,2.0,220000
603,7.0,2004.0,2005.0,0.0,600.0,1200.0,2.0,0.0,2004.0,2.0,151000
604,7.0,2002.0,2002.0,99.0,1494.0,1494.0,2.0,1.0,2002.0,2.0,221000
605,7.0,1965.0,1990.0,176.0,768.0,1986.0,2.0,3.0,1965.0,2.0,205000
606,5.0,1996.0,1996.0,0.0,1040.0,1040.0,1.0,0.0,2000.0,2.0,152000
607,5.0,1948.0,2002.0,0.0,896.0,2008.0,3.0,0.0,1948.0,1.0,225000
608,8.0,1934.0,1998.0,0.0,965.0,3194.0,2.0,2.0,1934.0,2.0,359100
609,4.0,1961.0,1961.0,192.0,1029.0,1029.0,1.0,0.0,1961.0,1.0,118500
610,9.0,2000.0,2000.0,204.0,1440.0,2153.0,2.0,2.0,2000.0,3.0,313000
611,6.0,1978.0,1978.0,233.0,1032.0,1032.0,2.0,1.0,1978.0,2.0,148000
612,8.0,2001.0,2001.0,108.0,1299.0,1872.0,2.0,1.0,2001.0,2.0,261500
613,5.0,2007.0,2007.0,0.0,1120.0,1120.0,1.0,0.0,1900.0,0.0,147000
614,4.0,1972.0,1972.0,0.0,630.0,630.0,1.0,0.0,1900.0,0.0,75500
615,6.0,1963.0,1963.0,156.0,936.0,1054.0,1.0,0.0,1963.0,2.0,137500
616,6.0,2002.0,2003.0,0.0,783.0,1509.0,2.0,1.0,2002.0,2.0,183200
617,6.0,1954.0,1954.0,0.0,832.0,832.0,1.0,0.0,1962.0,2.0,105500
618,9.0,2007.0,2007.0,452.0,1822.0,1828.0,2.0,1.0,2007.0,3.0,314813
619,8.0,2003.0,2003.0,226.0,1482.0,2262.0,2.0,2.0,2003.0,3.0,305000
620,3.0,1914.0,1950.0,0.0,864.0,864.0,1.0,0.0,1900.0,0.0,67000
621,6.0,1974.0,1997.0,0.0,1522.0,2614.0,2.0,1.0,1974.0,2.0,240000
622,5.0,1977.0,1977.0,153.0,980.0,980.0,1.0,0.0,1986.0,2.0,135000
623,6.0,2000.0,2000.0,513.0,756.0,1512.0,2.0,1.0,2000.0,2.0,168500
624,6.0,1972.0,1972.0,288.0,732.0,1790.0,1.0,1.0,1972.0,2.0,165150
625,6.0,1962.0,1962.0,261.0,1116.0,1116.0,1.0,0.0,1962.0,2.0,160000
626,5.0,1960.0,1978.0,0.0,978.0,1422.0,1.0,1.0,1960.0,1.0,139900
627,6.0,1955.0,1972.0,164.0,1156.0,1520.0,1.0,2.0,1955.0,1.0,153000
628,5.0,1969.0,1969.0,192.0,1040.0,2080.0,1.0,2.0,1969.0,2.0,135000
629,6.0,1964.0,1964.0,259.0,1248.0,1350.0,1.0,0.0,1964.0,2.0,168500
630,5.0,1880.0,1991.0,0.0,636.0,1750.0,1.0,0.0,1937.0,1.0,124000
631,8.0,2006.0,2006.0,108.0,1554.0,1554.0,2.0,1.0,2006.0,2.0,209500
632,7.0,1977.0,1977.0,209.0,1386.0,1411.0,2.0,1.0,1977.0,2.0,82500
633,5.0,1954.0,2005.0,0.0,1056.0,1056.0,1.0,0.0,1954.0,1.0,139400
634,6.0,1980.0,1980.0,0.0,1056.0,1056.0,0.0,0.0,1980.0,2.0,144000
635,6.0,1914.0,1995.0,0.0,1440.0,3395.0,2.0,0.0,1900.0,0.0,200000
636,2.0,1936.0,1950.0,0.0,264.0,800.0,1.0,1.0,1900.0,0.0,60000
637,5.0,1954.0,1954.0,0.0,811.0,1387.0,2.0,0.0,1954.0,1.0,93000
638,5.0,1910.0,1950.0,0.0,796.0,796.0,1.0,0.0,1900.0,0.0,85000
639,8.0,2006.0,2006.0,0.0,1520.0,1567.0,2.0,1.0,2006.0,3.0,264561
640,8.0,2003.0,2004.0,472.0,1518.0,1518.0,1.0,1.0,2003.0,2.0,274000
641,7.0,2001.0,2001.0,0.0,1057.0,1929.0,2.0,1.0,2001.0,2.0,226000
642,8.0,1972.0,1995.0,0.0,1952.0,2704.0,2.0,3.0,1972.0,2.0,345000
643,5.0,1969.0,1969.0,263.0,780.0,1620.0,2.0,0.0,1969.0,2.0,152000
644,9.0,2009.0,2009.0,162.0,1766.0,1766.0,2.0,1.0,2009.0,3.0,370878
645,6.0,1971.0,1971.0,0.0,981.0,981.0,1.0,0.0,1979.0,2.0,143250
646,5.0,1950.0,1950.0,0.0,0.0,1048.0,1.0,0.0,1950.0,2.0,98300
647,6.0,1953.0,1953.0,216.0,1094.0,1094.0,1.0,2.0,1953.0,2.0,155000
648,6.0,1966.0,1966.0,351.0,756.0,1839.0,1.0,1.0,1966.0,2.0,155000
649,4.0,1970.0,1970.0,0.0,630.0,630.0,1.0,0.0,1900.0,0.0,84500
650,7.0,2007.0,2007.0,0.0,813.0,1665.0,2.0,0.0,2007.0,2.0,205950
651,4.0,1940.0,1950.0,0.0,755.0,1510.0,1.0,1.0,1940.0,1.0,108000
652,7.0,1996.0,1996.0,0.0,880.0,1716.0,2.0,1.0,1996.0,2.0,191000
653,6.0,1906.0,1995.0,0.0,756.0,1469.0,1.0,0.0,1906.0,1.0,135000
654,8.0,1995.0,1995.0,660.0,2109.0,2113.0,2.0,1.0,1995.0,3.0,350000
655,6.0,1971.0,1971.0,381.0,525.0,1092.0,1.0,0.0,1971.0,1.0,88000
656,5.0,1959.0,2006.0,54.0,1053.0,1053.0,1.0,0.0,1959.0,1.0,145500
657,7.0,1931.0,2000.0,0.0,776.0,1502.0,1.0,1.0,1931.0,1.0,149000
658,6.0,1948.0,1950.0,0.0,912.0,1458.0,1.0,1.0,1948.0,1.0,97500
659,5.0,1964.0,1999.0,0.0,1486.0,1486.0,1.0,0.0,1968.0,2.0,167000
660,7.0,1976.0,1976.0,233.0,793.0,1935.0,2.0,1.0,1976.0,2.0,197900
661,8.0,1994.0,2005.0,528.0,1629.0,2448.0,2.0,1.0,1994.0,3.0,402000
662,6.0,1968.0,1968.0,216.0,1392.0,1392.0,1.0,2.0,1968.0,2.0,110000
663,4.0,1972.0,1972.0,0.0,1138.0,1181.0,2.0,0.0,1974.0,2.0,137500
664,8.0,2005.0,2006.0,0.0,2077.0,2097.0,1.0,1.0,2005.0,3.0,423000
665,8.0,2000.0,2000.0,40.0,1406.0,1936.0,2.0,1.0,2000.0,2.0,230500
666,6.0,1965.0,1979.0,113.0,1021.0,2380.0,2.0,1.0,1965.0,2.0,129000
667,6.0,1994.0,1998.0,258.0,1408.0,1679.0,2.0,1.0,1994.0,2.0,193500
668,5.0,1956.0,1987.0,0.0,1188.0,1437.0,1.0,1.0,1999.0,2.0,168000
669,4.0,1922.0,1950.0,0.0,700.0,1180.0,1.0,1.0,1922.0,1.0,137500
670,6.0,2005.0,2005.0,0.0,738.0,1476.0,2.0,0.0,2005.0,2.0,173500
671,6.0,1925.0,1950.0,0.0,672.0,1369.0,2.0,0.0,1930.0,1.0,103600
672,6.0,1977.0,1977.0,0.0,1208.0,1208.0,1.0,1.0,1977.0,2.0,165000
673,6.0,1957.0,2004.0,106.0,1477.0,1839.0,2.0,2.0,1957.0,2.0,257500
674,6.0,1965.0,1965.0,0.0,1136.0,1136.0,1.0,1.0,1965.0,1.0,140000
675,6.0,1978.0,1978.0,0.0,855.0,1441.0,2.0,1.0,1978.0,2.0,148500
676,4.0,1900.0,1950.0,0.0,1095.0,1774.0,2.0,0.0,1920.0,3.0,87000
677,5.0,1924.0,2006.0,0.0,768.0,792.0,1.0,0.0,1924.0,1.0,109500
678,8.0,2008.0,2008.0,464.0,2046.0,2046.0,2.0,1.0,2008.0,3.0,372500
679,5.0,1961.0,1961.0,57.0,988.0,988.0,1.0,0.0,1963.0,2.0,128500
680,6.0,1980.0,1980.0,0.0,923.0,923.0,2.0,1.0,1980.0,1.0,143000
681,5.0,1932.0,2000.0,0.0,793.0,1520.0,1.0,0.0,1968.0,1.0,159434
682,6.0,1996.0,1997.0,0.0,1291.0,1291.0,1.0,1.0,1996.0,2.0,173000
683,9.0,2002.0,2002.0,215.0,1626.0,1668.0,2.0,1.0,2002.0,3.0,285000
684,7.0,1998.0,1998.0,30.0,1195.0,1839.0,2.0,0.0,1998.0,2.0,221000
685,7.0,1984.0,1984.0,0.0,1190.0,2090.0,2.0,1.0,1984.0,2.0,207500
686,7.0,2007.0,2007.0,0.0,874.0,1761.0,3.0,0.0,2007.0,2.0,227875
687,7.0,2004.0,2004.0,0.0,551.0,1102.0,2.0,0.0,2004.0,2.0,148800
688,8.0,2007.0,2007.0,0.0,1419.0,1419.0,2.0,1.0,2007.0,2.0,392000
689,6.0,2005.0,2006.0,256.0,1362.0,1362.0,2.0,1.0,2005.0,2.0,194700
690,6.0,2004.0,2004.0,147.0,848.0,848.0,1.0,1.0,2004.0,2.0,141000
691,10.0,1994.0,1995.0,1170.0,2444.0,4316.0,3.0,2.0,1994.0,3.0,755000
692,7.0,1989.0,1990.0,293.0,1210.0,2519.0,2.0,2.0,1989.0,2.0,335000
693,5.0,1921.0,1968.0,0.0,1073.0,1073.0,1.0,0.0,1968.0,1.0,108480
694,5.0,1936.0,1950.0,0.0,927.0,1539.0,1.0,0.0,1995.0,2.0,141500
695,6.0,1987.0,1987.0,72.0,1112.0,1137.0,2.0,1.0,1987.0,2.0,176000
696,5.0,1921.0,1950.0,0.0,616.0,616.0,1.0,0.0,1921.0,1.0,89000
697,5.0,1952.0,1952.0,0.0,980.0,1148.0,1.0,0.0,1952.0,1.0,123500
698,5.0,1965.0,2009.0,0.0,894.0,894.0,1.0,1.0,1973.0,1.0,138500
699,7.0,2004.0,2004.0,0.0,1391.0,1391.0,2.0,0.0,2004.0,2.0,196000
700,8.0,2002.0,2002.0,630.0,1800.0,1800.0,2.0,1.0,2002.0,3.0,312500
701,7.0,1969.0,1969.0,168.0,1164.0,1164.0,1.0,0.0,1969.0,2.0,140000
702,8.0,2006.0,2006.0,466.0,1234.0,2576.0,2.0,1.0,2006.0,3.0,361919
703,5.0,1900.0,1996.0,0.0,360.0,1812.0,2.0,1.0,1999.0,2.0,140000
704,7.0,2004.0,2005.0,109.0,1473.0,1484.0,2.0,0.0,2004.0,2.0,213000
705,4.0,1930.0,1950.0,0.0,0.0,1092.0,2.0,0.0,1900.0,0.0,55000
706,7.0,1971.0,2002.0,351.0,1643.0,1824.0,2.0,2.0,1971.0,2.0,302000
707,8.0,2006.0,2006.0,176.0,1324.0,1324.0,2.0,1.0,2006.0,2.0,254000
708,7.0,2007.0,2007.0,0.0,728.0,1456.0,2.0,1.0,2007.0,2.0,179540
709,5.0,1966.0,1966.0,41.0,876.0,904.0,1.0,0.0,1966.0,1.0,109900
710,3.0,1935.0,2003.0,0.0,270.0,729.0,1.0,0.0,1900.0,0.0,52000
711,4.0,1900.0,1950.0,0.0,859.0,1178.0,1.0,0.0,1964.0,1.0,102776
712,8.0,1988.0,1989.0,0.0,1228.0,1228.0,2.0,1.0,1988.0,2.0,189000
713,4.0,1970.0,1970.0,160.0,960.0,960.0,1.0,0.0,1970.0,2.0,129000
714,6.0,1976.0,2005.0,289.0,725.0,1479.0,2.0,0.0,1976.0,2.0,130500
715,6.0,1974.0,1974.0,174.0,1064.0,1350.0,2.0,1.0,1974.0,2.0,165000
716,7.0,1890.0,1998.0,0.0,718.0,2554.0,1.0,0.0,1996.0,2.0,159500
717,5.0,1973.0,2000.0,0.0,1176.0,1178.0,1.0,1.0,1973.0,2.0,157000
718,7.0,1993.0,1994.0,651.0,1311.0,2418.0,2.0,1.0,1993.0,3.0,341000
719,5.0,1969.0,1969.0,0.0,971.0,971.0,1.0,1.0,1969.0,1.0,128500
720,8.0,1985.0,1985.0,0.0,1742.0,1742.0,2.0,1.0,1985.0,2.0,275000
721,6.0,2004.0,2004.0,169.0,848.0,848.0,1.0,0.0,2004.0,2.0,143000
722,4.0,1970.0,1970.0,0.0,864.0,864.0,1.0,0.0,1994.0,2.0,124500
723,4.0,1954.0,1972.0,0.0,941.0,1470.0,2.0,0.0,1958.0,1.0,135000
724,9.0,2007.0,2008.0,340.0,1698.0,1698.0,2.0,1.0,2007.0,3.0,320000
725,4.0,1970.0,1970.0,0.0,864.0,864.0,1.0,0.0,1989.0,2.0,120500
726,6.0,1988.0,2007.0,260.0,880.0,1680.0,2.0,1.0,1988.0,2.0,222000
727,7.0,2007.0,2007.0,82.0,1232.0,1232.0,2.0,0.0,2007.0,2.0,194500
728,5.0,1958.0,1958.0,95.0,1584.0,1776.0,2.0,0.0,1968.0,3.0,110000
729,4.0,1925.0,1950.0,0.0,780.0,1208.0,1.0,0.0,1962.0,2.0,103000
730,8.0,1995.0,1996.0,0.0,1595.0,1616.0,2.0,1.0,1995.0,2.0,236500
731,7.0,2003.0,2003.0,442.0,868.0,1146.0,2.0,1.0,2003.0,2.0,187500
732,7.0,1998.0,1999.0,202.0,1153.0,2031.0,2.0,1.0,1998.0,2.0,222500
733,5.0,1961.0,1983.0,0.0,864.0,1144.0,1.0,1.0,1961.0,1.0,131400
734,5.0,1968.0,1968.0,0.0,948.0,948.0,1.0,0.0,1968.0,1.0,108000
735,7.0,1914.0,1970.0,0.0,880.0,1768.0,1.0,2.0,1914.0,2.0,163000
736,3.0,1950.0,1950.0,0.0,0.0,1040.0,2.0,0.0,1949.0,2.0,93500
737,8.0,2005.0,2005.0,0.0,893.0,1801.0,2.0,1.0,2005.0,3.0,239900
738,5.0,1987.0,1988.0,0.0,1200.0,1200.0,3.0,0.0,1900.0,0.0,179000
739,7.0,2004.0,2004.0,0.0,864.0,1728.0,2.0,0.0,2004.0,2.0,190000
740,5.0,1910.0,2002.0,0.0,264.0,1432.0,2.0,0.0,1910.0,2.0,132000
741,6.0,1961.0,1996.0,0.0,912.0,912.0,1.0,0.0,1962.0,1.0,142000
742,7.0,2000.0,2001.0,108.0,1349.0,1349.0,2.0,0.0,2000.0,2.0,179000
743,5.0,1963.0,1999.0,0.0,520.0,1464.0,2.0,1.0,1997.0,2.0,175000
744,8.0,1993.0,1993.0,0.0,1337.0,1337.0,2.0,1.0,1993.0,2.0,180000
745,8.0,1976.0,1996.0,289.0,1142.0,2715.0,3.0,2.0,1994.0,2.0,299800
746,7.0,2000.0,2000.0,0.0,952.0,2256.0,2.0,1.0,2000.0,2.0,236000
747,7.0,1880.0,2003.0,0.0,1240.0,2640.0,1.0,1.0,1950.0,4.0,265979
748,7.0,1996.0,1996.0,338.0,1720.0,1720.0,2.0,1.0,1996.0,2.0,260400
749,4.0,1945.0,1950.0,0.0,0.0,1529.0,2.0,0.0,1945.0,1.0,98000
750,4.0,1910.0,2004.0,0.0,576.0,1140.0,1.0,0.0,1900.0,0.0,96500
751,7.0,2003.0,2003.0,0.0,660.0,1320.0,2.0,0.0,2003.0,2.0,162000
752,6.0,1997.0,1997.0,0.0,1479.0,1494.0,2.0,0.0,1997.0,2.0,217000
753,8.0,2005.0,2005.0,178.0,1030.0,2098.0,2.0,1.0,2005.0,3.0,275500
754,6.0,1969.0,2005.0,0.0,1026.0,1026.0,1.0,0.0,1969.0,2.0,156000
755,6.0,1999.0,1999.0,894.0,729.0,1471.0,2.0,0.0,1999.0,2.0,172500
756,8.0,2007.0,2007.0,0.0,866.0,1768.0,2.0,0.0,2007.0,2.0,212000
757,6.0,1978.0,1978.0,328.0,672.0,1386.0,2.0,1.0,1978.0,2.0,158900
758,7.0,1999.0,1999.0,360.0,744.0,1501.0,2.0,0.0,1999.0,2.0,179400
759,8.0,1995.0,1995.0,513.0,1318.0,2531.0,2.0,1.0,1995.0,3.0,290000
760,6.0,1959.0,1959.0,0.0,864.0,864.0,1.0,0.0,2008.0,1.0,127500
761,5.0,1924.0,1950.0,0.0,1145.0,1301.0,1.0,0.0,1965.0,2.0,100000
762,7.0,2009.0,2009.0,0.0,756.0,1547.0,2.0,0.0,2009.0,2.0,215200
763,8.0,1999.0,1999.0,673.0,1252.0,2365.0,2.0,1.0,1999.0,3.0,337000
764,8.0,1995.0,1996.0,0.0,1494.0,1494.0,1.0,1.0,1995.0,2.0,270000
765,9.0,2008.0,2008.0,284.0,1498.0,1506.0,2.0,1.0,2008.0,2.0,264132
766,7.0,1988.0,1988.0,42.0,980.0,1714.0,2.0,1.0,1988.0,2.0,196500
767,6.0,1940.0,1985.0,0.0,983.0,1750.0,2.0,0.0,1989.0,1.0,160000
768,7.0,2004.0,2005.0,0.0,1860.0,1836.0,2.0,1.0,2004.0,2.0,216837
769,8.0,2003.0,2003.0,603.0,1650.0,3279.0,3.0,1.0,2003.0,3.0,538000
770,5.0,1982.0,1982.0,0.0,858.0,858.0,1.0,0.0,1983.0,2.0,134900
771,4.0,1951.0,1951.0,0.0,836.0,1220.0,1.0,0.0,1951.0,2.0,102000
772,6.0,1976.0,1976.0,0.0,1029.0,1117.0,1.0,1.0,1976.0,2.0,107000
773,5.0,1958.0,1958.0,1.0,912.0,912.0,1.0,0.0,1958.0,1.0,114500
774,8.0,2006.0,2006.0,375.0,1935.0,1973.0,2.0,1.0,2006.0,3.0,395000
775,6.0,1998.0,1998.0,320.0,1204.0,1204.0,2.0,0.0,1998.0,2.0,162000
776,7.0,2005.0,2006.0,240.0,1614.0,1614.0,2.0,0.0,2005.0,3.0,221500
777,5.0,1974.0,1974.0,0.0,864.0,894.0,1.0,1.0,1974.0,2.0,142500
778,5.0,1977.0,1977.0,320.0,0.0,2020.0,2.0,2.0,1977.0,2.0,144000
779,6.0,1977.0,1977.0,90.0,975.0,1004.0,1.0,0.0,1977.0,2.0,135000
780,7.0,1995.0,1996.0,38.0,1237.0,1253.0,2.0,1.0,1995.0,2.0,176000
781,6.0,1992.0,1992.0,0.0,761.0,1603.0,2.0,0.0,1992.0,2.0,175900
782,7.0,2001.0,2002.0,0.0,1413.0,1430.0,2.0,0.0,2001.0,2.0,187100
783,5.0,1978.0,1978.0,104.0,1097.0,1110.0,1.0,1.0,1978.0,2.0,165500
784,6.0,1914.0,2001.0,0.0,742.0,1484.0,2.0,1.0,1900.0,0.0,128000
785,6.0,1967.0,1967.0,0.0,1372.0,1342.0,2.0,1.0,1967.0,2.0,161500
786,5.0,1915.0,1950.0,0.0,686.0,1652.0,2.0,0.0,1961.0,1.0,139000
787,7.0,2004.0,2004.0,0.0,956.0,2084.0,2.0,0.0,2004.0,2.0,233000
788,4.0,1954.0,2000.0,0.0,901.0,901.0,1.0,0.0,1954.0,1.0,107900
789,6.0,1966.0,2007.0,157.0,832.0,2087.0,2.0,0.0,1966.0,2.0,187500
790,7.0,2005.0,2006.0,11.0,1145.0,1145.0,2.0,1.0,2005.0,2.0,160200
791,6.0,1976.0,1976.0,0.0,1029.0,1062.0,1.0,2.0,1976.0,2.0,146800
792,7.0,1996.0,1997.0,0.0,1117.0,2013.0,2.0,1.0,1997.0,2.0,269790
793,8.0,2007.0,2007.0,140.0,1496.0,1496.0,2.0,0.0,2007.0,2.0,225000
794,7.0,1994.0,1996.0,0.0,712.0,1895.0,2.0,1.0,1994.0,2.0,194500
795,6.0,1980.0,1981.0,130.0,650.0,1564.0,2.0,1.0,1980.0,2.0,171000
796,6.0,1977.0,1977.0,148.0,660.0,1285.0,1.0,1.0,1977.0,2.0,143500
797,5.0,1953.0,1953.0,0.0,773.0,773.0,1.0,0.0,1953.0,1.0,110000
798,9.0,2008.0,2009.0,860.0,1926.0,3140.0,3.0,2.0,2009.0,3.0,485000
799,5.0,1937.0,1950.0,252.0,731.0,1768.0,1.0,2.0,1939.0,1.0,175000
800,6.0,1997.0,1997.0,0.0,616.0,1688.0,2.0,0.0,1997.0,2.0,200000
801,4.0,1916.0,1990.0,0.0,1196.0,1196.0,1.0,0.0,1957.0,2.0,109900
802,7.0,2005.0,2005.0,0.0,728.0,1456.0,2.0,1.0,2005.0,2.0,189000
803,9.0,2008.0,2009.0,424.0,1734.0,2822.0,3.0,1.0,2009.0,3.0,582933
804,5.0,1954.0,1954.0,0.0,936.0,1128.0,1.0,0.0,1954.0,1.0,118000
805,7.0,2008.0,2008.0,256.0,1417.0,1428.0,2.0,0.0,2008.0,2.0,227680
806,5.0,1967.0,1967.0,0.0,980.0,980.0,2.0,0.0,1967.0,1.0,135500
807,5.0,1923.0,2004.0,0.0,1324.0,1576.0,1.0,1.0,1923.0,2.0,223500
808,5.0,1966.0,1966.0,1047.0,1024.0,1086.0,1.0,1.0,1966.0,2.0,159950
809,5.0,1898.0,1965.0,0.0,849.0,2138.0,2.0,0.0,1910.0,2.0,106000
810,6.0,1974.0,1999.0,99.0,1040.0,1309.0,1.0,1.0,1974.0,2.0,181000
811,6.0,2004.0,2004.0,169.0,848.0,848.0,1.0,1.0,2004.0,2.0,144500
812,5.0,1952.0,1952.0,0.0,540.0,1044.0,1.0,0.0,1952.0,2.0,55993
813,6.0,1958.0,1958.0,243.0,1442.0,1442.0,1.0,0.0,1958.0,1.0,157900
814,5.0,1918.0,1950.0,0.0,686.0,1250.0,1.0,0.0,1955.0,1.0,116000
815,7.0,1998.0,1998.0,442.0,1649.0,1661.0,2.0,0.0,1998.0,2.0,224900
816,5.0,1954.0,1954.0,0.0,1008.0,1008.0,1.0,1.0,1954.0,1.0,137000
817,8.0,2002.0,2002.0,148.0,1568.0,1689.0,2.0,2.0,2002.0,3.0,271000
818,6.0,1971.0,1971.0,80.0,1010.0,1052.0,1.0,0.0,1971.0,2.0,155000
819,7.0,2009.0,2010.0,128.0,1358.0,1358.0,2.0,1.0,2010.0,2.0,224000
820,7.0,2003.0,2003.0,0.0,798.0,1640.0,2.0,0.0,2003.0,2.0,183000
821,4.0,1953.0,1953.0,0.0,936.0,936.0,1.0,0.0,1974.0,2.0,93000
822,7.0,2003.0,2003.0,0.0,847.0,1733.0,2.0,1.0,2003.0,2.0,225000
823,6.0,1940.0,1950.0,0.0,778.0,1489.0,2.0,1.0,1940.0,1.0,139500
824,8.0,2006.0,2006.0,0.0,1489.0,1489.0,2.0,1.0,2006.0,2.0,232600
825,10.0,2007.0,2008.0,816.0,2078.0,2084.0,2.0,1.0,2007.0,3.0,385000
826,5.0,1924.0,1950.0,0.0,784.0,784.0,1.0,0.0,1900.0,0.0,109500
827,7.0,2001.0,2001.0,0.0,1454.0,1434.0,2.0,1.0,2001.0,2.0,189000
828,5.0,1967.0,1967.0,0.0,1013.0,2126.0,2.0,0.0,1967.0,2.0,185000
829,7.0,2005.0,2005.0,0.0,600.0,1223.0,2.0,0.0,2005.0,2.0,147400
830,6.0,1957.0,1957.0,387.0,1392.0,1392.0,1.0,2.0,1957.0,2.0,166000
831,7.0,2005.0,2005.0,0.0,600.0,1200.0,2.0,0.0,2005.0,2.0,151000
832,7.0,2003.0,2003.0,223.0,941.0,1829.0,2.0,1.0,2003.0,2.0,237000
833,6.0,1964.0,1964.0,180.0,1516.0,1516.0,1.0,0.0,1964.0,2.0,167000
834,5.0,1961.0,1961.0,136.0,1144.0,1144.0,1.0,0.0,1961.0,2.0,139950
835,4.0,1950.0,1995.0,0.0,1067.0,1067.0,2.0,0.0,1996.0,2.0,128000
836,5.0,1948.0,1973.0,0.0,1559.0,1559.0,1.0,0.0,1948.0,2.0,153500
837,6.0,1973.0,1973.0,158.0,483.0,987.0,1.0,0.0,1973.0,1.0,100000
838,5.0,1995.0,2006.0,0.0,1099.0,1099.0,1.0,0.0,1999.0,1.0,144000
839,5.0,1946.0,1995.0,0.0,768.0,1200.0,1.0,0.0,1946.0,1.0,130500
840,6.0,1925.0,1950.0,0.0,672.0,1482.0,2.0,0.0,1934.0,1.0,140000
841,5.0,1904.0,2002.0,0.0,650.0,1539.0,2.0,1.0,1983.0,2.0,157500
842,6.0,1966.0,1966.0,183.0,1127.0,1165.0,1.0,0.0,1966.0,2.0,174900
843,5.0,1961.0,1961.0,0.0,1800.0,1800.0,2.0,0.0,1900.0,0.0,141000
844,5.0,1915.0,1950.0,0.0,876.0,1416.0,1.0,1.0,1949.0,3.0,153900
845,5.0,1975.0,1981.0,0.0,1390.0,1701.0,2.0,2.0,1975.0,2.0,171000
846,7.0,1993.0,1993.0,137.0,740.0,1775.0,2.0,1.0,1993.0,2.0,213000
847,5.0,1972.0,1972.0,0.0,864.0,864.0,1.0,1.0,1972.0,1.0,133500
848,6.0,1908.0,1997.0,0.0,907.0,2358.0,3.0,1.0,1908.0,2.0,240000
849,6.0,1976.0,1994.0,360.0,528.0,1855.0,2.0,1.0,1976.0,2.0,187000
850,6.0,2003.0,2003.0,170.0,848.0,848.0,1.0,0.0,2003.0,2.0,131500
851,8.0,2003.0,2003.0,40.0,1273.0,1456.0,2.0,1.0,2003.0,2.0,215000
852,7.0,1941.0,1950.0,0.0,918.0,1646.0,2.0,2.0,1941.0,1.0,164000
853,6.0,1964.0,1964.0,115.0,1127.0,1445.0,1.0,1.0,1964.0,2.0,158000
854,5.0,1955.0,1974.0,0.0,1763.0,1779.0,1.0,1.0,1955.0,2.0,170000
855,5.0,1962.0,2010.0,0.0,1040.0,1040.0,1.0,0.0,1962.0,1.0,127000
856,6.0,1978.0,1978.0,0.0,940.0,1026.0,1.0,0.0,1981.0,2.0,147000
857,6.0,1994.0,1995.0,0.0,702.0,1481.0,2.0,1.0,1994.0,2.0,174000
858,7.0,1976.0,1976.0,189.0,1090.0,1370.0,2.0,1.0,1976.0,2.0,152000
859,6.0,1968.0,1984.0,220.0,1054.0,2654.0,2.0,1.0,1968.0,2.0,250000
860,7.0,1918.0,1998.0,0.0,912.0,1426.0,1.0,1.0,1925.0,1.0,189950
861,5.0,1965.0,1965.0,0.0,1039.0,1039.0,1.0,0.0,1965.0,2.0,131500
862,6.0,1984.0,1985.0,0.0,1040.0,1097.0,2.0,0.0,1986.0,2.0,152000
863,5.0,1959.0,1959.0,0.0,1148.0,1148.0,1.0,0.0,1959.0,1.0,132500
864,7.0,2007.0,2008.0,0.0,1372.0,1372.0,2.0,0.0,2008.0,2.0,250580
865,5.0,1970.0,1970.0,76.0,1002.0,1002.0,1.0,0.0,1973.0,2.0,148500
866,8.0,2006.0,2007.0,274.0,1638.0,1646.0,2.0,1.0,2007.0,3.0,248900
867,4.0,1961.0,1961.0,0.0,1040.0,1120.0,1.0,0.0,1961.0,2.0,129000
868,5.0,1948.0,1950.0,0.0,0.0,2320.0,2.0,1.0,1979.0,2.0,169000
869,7.0,1993.0,1994.0,246.0,1050.0,1949.0,2.0,1.0,1993.0,2.0,236000
870,5.0,1962.0,1962.0,0.0,894.0,894.0,1.0,0.0,1962.0,1.0,109500
871,6.0,1998.0,1998.0,116.0,804.0,1682.0,2.0,0.0,1998.0,2.0,200500
872,5.0,1953.0,1996.0,0.0,105.0,910.0,1.0,0.0,1953.0,2.0,116000
873,5.0,1949.0,1950.0,0.0,832.0,1268.0,1.0,1.0,1949.0,1.0,133000
874,5.0,1941.0,1950.0,0.0,676.0,1131.0,1.0,0.0,1941.0,1.0,66500
875,8.0,2007.0,2007.0,0.0,1184.0,2610.0,2.0,1.0,2007.0,2.0,303477
876,4.0,1963.0,1963.0,0.0,1064.0,1040.0,1.0,0.0,1963.0,2.0,132250
877,9.0,2004.0,2005.0,216.0,1462.0,2224.0,2.0,1.0,2004.0,3.0,350000
878,5.0,1961.0,1995.0,0.0,1109.0,1155.0,1.0,0.0,1987.0,2.0,148000
879,5.0,1978.0,2005.0,90.0,864.0,864.0,1.0,0.0,1978.0,1.0,136500
880,5.0,2005.0,2006.0,0.0,1090.0,1090.0,1.0,0.0,2005.0,2.0,157000
881,7.0,1990.0,1991.0,117.0,1156.0,1717.0,2.0,1.0,1990.0,2.0,187500
882,6.0,1992.0,1993.0,0.0,808.0,1593.0,2.0,1.0,1993.0,2.0,178000
883,4.0,1912.0,1950.0,0.0,795.0,2230.0,1.0,0.0,1997.0,1.0,118500
884,5.0,1967.0,1967.0,60.0,892.0,892.0,1.0,0.0,1967.0,1.0,100000
885,9.0,1999.0,2000.0,60.0,1698.0,1709.0,2.0,1.0,1999.0,2.0,328900
886,5.0,1959.0,2005.0,122.0,1626.0,1712.0,2.0,0.0,2005.0,2.0,145000
887,5.0,1955.0,1955.0,0.0,816.0,1393.0,1.0,0.0,1955.0,1.0,135500
888,8.0,1970.0,1970.0,0.0,2217.0,2217.0,2.0,1.0,1970.0,2.0,268000
889,6.0,1953.0,1953.0,90.0,1505.0,1505.0,1.0,1.0,1953.0,2.0,149500
890,5.0,1949.0,2006.0,0.0,672.0,924.0,1.0,1.0,2003.0,2.0,122900
891,6.0,1978.0,1978.0,92.0,918.0,1683.0,2.0,1.0,1978.0,2.0,172500
892,6.0,1963.0,2003.0,0.0,1059.0,1068.0,1.0,0.0,1963.0,1.0,154500
893,5.0,1954.0,1954.0,0.0,1383.0,1383.0,1.0,1.0,1954.0,1.0,165000
894,5.0,1979.0,1979.0,0.0,0.0,1535.0,2.0,0.0,1979.0,2.0,118858
895,6.0,1963.0,1963.0,415.0,780.0,1796.0,1.0,1.0,1963.0,2.0,140000
896,4.0,1936.0,1950.0,0.0,951.0,951.0,1.0,0.0,1936.0,1.0,106500
897,5.0,1979.0,1979.0,0.0,0.0,2240.0,2.0,0.0,1979.0,2.0,142953
898,9.0,2009.0,2010.0,760.0,2330.0,2364.0,2.0,2.0,2009.0,3.0,611657
899,5.0,1961.0,1994.0,0.0,912.0,1236.0,1.0,1.0,1961.0,1.0,135000
900,4.0,1971.0,1971.0,0.0,858.0,858.0,1.0,0.0,1979.0,1.0,110000
901,5.0,1957.0,2000.0,0.0,992.0,1306.0,1.0,0.0,1968.0,1.0,153000
902,7.0,2003.0,2003.0,0.0,783.0,1509.0,2.0,1.0,2003.0,2.0,180000
903,7.0,2006.0,2006.0,27.0,1670.0,1670.0,2.0,1.0,2006.0,3.0,240000
904,5.0,1967.0,1967.0,75.0,876.0,902.0,1.0,0.0,1967.0,1.0,125500
905,5.0,1954.0,1954.0,110.0,1056.0,1063.0,1.0,0.0,1954.0,1.0,128000
906,8.0,2006.0,2006.0,208.0,1623.0,1636.0,2.0,1.0,2006.0,3.0,255000
907,7.0,1936.0,1987.0,0.0,1017.0,2057.0,1.0,1.0,1936.0,1.0,250000
908,5.0,1983.0,1983.0,0.0,864.0,902.0,1.0,0.0,1983.0,2.0,131000
909,6.0,2005.0,2005.0,0.0,742.0,1484.0,2.0,1.0,2005.0,2.0,174000
910,5.0,1960.0,1960.0,361.0,1105.0,2274.0,2.0,0.0,1960.0,2.0,154300
911,5.0,1977.0,1989.0,0.0,1268.0,1268.0,1.0,0.0,1978.0,1.0,143500
912,5.0,1925.0,1950.0,0.0,768.0,1015.0,1.0,0.0,1925.0,1.0,88000
913,5.0,1949.0,1950.0,0.0,1001.0,2002.0,2.0,0.0,1949.0,3.0,145000
914,6.0,2009.0,2009.0,76.0,612.0,1224.0,2.0,0.0,2009.0,2.0,173733
915,4.0,1970.0,1970.0,80.0,546.0,1092.0,1.0,0.0,1970.0,1.0,75000
916,2.0,1949.0,1950.0,0.0,480.0,480.0,0.0,0.0,1958.0,1.0,35311
917,4.0,1956.0,1956.0,0.0,1134.0,1229.0,1.0,0.0,1956.0,1.0,135000
918,7.0,1991.0,1991.0,0.0,1104.0,2127.0,2.0,1.0,1991.0,3.0,238000
919,6.0,1958.0,2002.0,0.0,1184.0,1414.0,1.0,1.0,1990.0,2.0,176500
920,6.0,1994.0,1994.0,105.0,928.0,1721.0,2.0,0.0,1994.0,2.0,201000
921,5.0,1900.0,2003.0,0.0,1272.0,2200.0,2.0,0.0,1900.0,0.0,145900
922,6.0,2005.0,2006.0,0.0,1316.0,1316.0,2.0,1.0,2005.0,2.0,169990
923,6.0,1993.0,1994.0,0.0,1604.0,1617.0,2.0,1.0,1993.0,2.0,193000
924,6.0,1980.0,1980.0,157.0,1686.0,1686.0,2.0,1.0,1980.0,2.0,207500
925,5.0,1977.0,1977.0,0.0,1126.0,1126.0,2.0,0.0,1977.0,2.0,175000
926,8.0,2003.0,2004.0,340.0,1181.0,2374.0,2.0,1.0,2003.0,3.0,285000
927,7.0,1968.0,1968.0,342.0,832.0,1978.0,2.0,1.0,1968.0,2.0,176000
928,8.0,2001.0,2001.0,0.0,1753.0,1788.0,2.0,1.0,2001.0,2.0,236500
929,7.0,1997.0,1997.0,285.0,964.0,2236.0,2.0,1.0,1997.0,2.0,222000
930,8.0,2007.0,2007.0,0.0,1466.0,1466.0,2.0,0.0,2007.0,3.0,201000
931,5.0,1965.0,1965.0,0.0,925.0,925.0,1.0,0.0,1965.0,1.0,117500
932,9.0,2006.0,2006.0,302.0,1905.0,1905.0,2.0,1.0,2006.0,3.0,320000
933,7.0,2004.0,2004.0,210.0,1500.0,1500.0,2.0,0.0,2004.0,2.0,190000
934,7.0,1960.0,2007.0,0.0,585.0,2069.0,2.0,1.0,1960.0,2.0,242000
935,4.0,1926.0,1953.0,108.0,600.0,747.0,1.0,0.0,1953.0,2.0,79900
936,7.0,2003.0,2003.0,0.0,1176.0,1200.0,2.0,0.0,2003.0,2.0,184900
937,7.0,2005.0,2005.0,0.0,1113.0,1971.0,2.0,1.0,2005.0,2.0,253000
938,7.0,2006.0,2006.0,0.0,1391.0,1962.0,2.0,0.0,2006.0,3.0,239799
939,7.0,1940.0,1950.0,0.0,1032.0,2403.0,2.0,2.0,1940.0,1.0,244400
940,6.0,1976.0,1976.0,0.0,1728.0,1728.0,2.0,0.0,1976.0,2.0,150900
941,7.0,1999.0,1999.0,298.0,992.0,2060.0,2.0,1.0,1999.0,2.0,214000
942,4.0,1977.0,1977.0,0.0,1440.0,1440.0,2.0,0.0,1900.0,0.0,150000
943,5.0,1967.0,1967.0,0.0,1632.0,1632.0,2.0,0.0,1967.0,2.0,143000
944,6.0,1958.0,1958.0,541.0,819.0,1344.0,1.0,1.0,1958.0,2.0,137500
945,5.0,1890.0,1996.0,0.0,1088.0,1869.0,1.0,0.0,1963.0,2.0,124900
946,5.0,1959.0,1959.0,128.0,1144.0,1144.0,1.0,1.0,1959.0,1.0,143000
947,8.0,2002.0,2003.0,236.0,1616.0,1629.0,2.0,1.0,2002.0,3.0,270000
948,7.0,2002.0,2002.0,144.0,936.0,1776.0,2.0,1.0,2002.0,2.0,192500
949,6.0,1972.0,2006.0,0.0,1161.0,1381.0,1.0,1.0,1972.0,2.0,197500
950,5.0,1950.0,2002.0,0.0,864.0,864.0,1.0,0.0,1980.0,2.0,129000
951,5.0,1965.0,1965.0,0.0,828.0,965.0,1.0,0.0,1979.0,1.0,119900
952,5.0,1972.0,2003.0,0.0,768.0,768.0,1.0,0.0,1974.0,1.0,133900
953,5.0,1969.0,1969.0,232.0,784.0,1968.0,2.0,1.0,1969.0,2.0,172000
954,6.0,1975.0,1975.0,250.0,945.0,980.0,2.0,0.0,1900.0,0.0,127500
955,6.0,1946.0,1950.0,423.0,979.0,1958.0,2.0,0.0,1946.0,2.0,145000
956,6.0,1980.0,1980.0,0.0,561.0,1229.0,1.0,1.0,1980.0,2.0,124000
957,5.0,1962.0,1962.0,0.0,1057.0,1057.0,1.0,0.0,1977.0,2.0,132000
958,7.0,2003.0,2003.0,0.0,1337.0,1337.0,2.0,0.0,2003.0,2.0,185000
959,7.0,1999.0,1999.0,0.0,696.0,1416.0,2.0,0.0,1999.0,2.0,155000
960,5.0,1958.0,2008.0,0.0,858.0,858.0,1.0,0.0,1900.0,0.0,116500
961,6.0,1977.0,1995.0,424.0,1330.0,2872.0,2.0,1.0,1977.0,2.0,272000
962,6.0,1976.0,1976.0,0.0,804.0,1548.0,2.0,1.0,1976.0,2.0,155000
963,9.0,2007.0,2007.0,0.0,1800.0,1800.0,2.0,0.0,2007.0,2.0,239000
964,7.0,2002.0,2003.0,44.0,817.0,1894.0,2.0,1.0,2002.0,2.0,214900
965,6.0,2005.0,2007.0,0.0,783.0,1484.0,2.0,1.0,2005.0,2.0,178900
966,5.0,1940.0,1950.0,0.0,728.0,1308.0,1.0,2.0,1940.0,1.0,160000
967,5.0,1955.0,1955.0,151.0,1098.0,1098.0,1.0,0.0,1955.0,1.0,135000
968,3.0,1910.0,1950.0,0.0,600.0,968.0,1.0,0.0,1900.0,0.0,37900
969,6.0,1958.0,1958.0,105.0,588.0,1095.0,1.0,0.0,1958.0,1.0,140000
970,4.0,1949.0,1950.0,0.0,720.0,1192.0,1.0,0.0,1900.0,0.0,135000
971,7.0,2003.0,2004.0,106.0,764.0,1626.0,2.0,0.0,2003.0,2.0,173000
972,6.0,1979.0,1979.0,0.0,918.0,918.0,2.0,1.0,1979.0,1.0,99500
973,7.0,2007.0,2008.0,0.0,1428.0,1428.0,2.0,0.0,2007.0,2.0,182000
974,7.0,1910.0,1993.0,0.0,728.0,2019.0,1.0,0.0,1997.0,2.0,167500
975,7.0,2000.0,2000.0,0.0,673.0,1382.0,2.0,0.0,2000.0,2.0,165000
976,4.0,1923.0,1958.0,0.0,440.0,869.0,1.0,0.0,1900.0,0.0,85500
977,7.0,2006.0,2007.0,0.0,1241.0,1241.0,1.0,0.0,2007.0,2.0,199900
978,4.0,1954.0,1954.0,0.0,894.0,894.0,1.0,0.0,1999.0,2.0,110000
979,5.0,1963.0,1963.0,0.0,1121.0,1121.0,1.0,0.0,1963.0,2.0,139000
980,7.0,1961.0,2007.0,210.0,944.0,999.0,1.0,0.0,1961.0,2.0,178400
981,8.0,1998.0,1999.0,975.0,1225.0,2612.0,2.0,1.0,1998.0,3.0,336000
982,7.0,2007.0,2007.0,16.0,1266.0,1266.0,2.0,1.0,2007.0,2.0,159895
983,8.0,2002.0,2002.0,0.0,1128.0,2290.0,2.0,1.0,2002.0,2.0,255900
984,5.0,1977.0,1977.0,0.0,0.0,1734.0,2.0,0.0,1977.0,2.0,126000
985,5.0,1950.0,1950.0,0.0,1164.0,1164.0,1.0,0.0,1950.0,1.0,125000
986,6.0,1910.0,2003.0,0.0,485.0,1635.0,1.0,0.0,1950.0,1.0,117000
987,9.0,2009.0,2010.0,450.0,1930.0,1940.0,2.0,1.0,2010.0,3.0,395192
988,6.0,1976.0,1976.0,298.0,848.0,2030.0,2.0,1.0,1976.0,2.0,195000
989,7.0,2006.0,2006.0,0.0,770.0,1576.0,2.0,0.0,2006.0,2.0,197000
990,8.0,1997.0,1998.0,423.0,1396.0,2392.0,2.0,1.0,1997.0,3.0,348000
991,8.0,1882.0,1986.0,0.0,916.0,1742.0,1.0,1.0,1925.0,2.0,168000
992,6.0,1964.0,1993.0,340.0,822.0,1851.0,2.0,1.0,1964.0,2.0,187000
993,6.0,2005.0,2006.0,0.0,750.0,1500.0,2.0,0.0,2005.0,2.0,173900
994,10.0,2006.0,2007.0,230.0,1700.0,1718.0,2.0,1.0,2008.0,3.0,337500
995,4.0,1946.0,1950.0,0.0,747.0,1230.0,1.0,0.0,1946.0,1.0,121600
996,5.0,1961.0,1961.0,0.0,1050.0,1050.0,1.0,0.0,1961.0,1.0,136500
997,6.0,1970.0,1970.0,571.0,1442.0,1442.0,2.0,1.0,1970.0,2.0,185000
998,3.0,1922.0,1950.0,0.0,1007.0,1077.0,1.0,1.0,1922.0,1.0,91000
999,7.0,2006.0,2006.0,24.0,1187.0,1208.0,2.0,0.0,2006.0,2.0,206000
1000,3.0,1952.0,1952.0,0.0,0.0,944.0,1.0,0.0,1956.0,2.0,82000
1001,5.0,1920.0,1950.0,0.0,691.0,691.0,1.0,0.0,1920.0,1.0,86000
1002,8.0,2006.0,2006.0,53.0,1574.0,1574.0,2.0,1.0,2006.0,3.0,232000
1003,5.0,1976.0,1976.0,164.0,1680.0,1680.0,2.0,0.0,1976.0,2.0,136905
1004,7.0,2005.0,2006.0,16.0,1346.0,1504.0,2.0,1.0,2005.0,2.0,181000
1005,5.0,1977.0,1977.0,220.0,985.0,985.0,2.0,0.0,1977.0,1.0,149900
1006,6.0,1970.0,1970.0,0.0,1657.0,1657.0,2.0,1.0,1970.0,2.0,163500
1007,4.0,1970.0,1970.0,0.0,546.0,1092.0,1.0,0.0,1970.0,1.0,88000
1008,7.0,2004.0,2005.0,108.0,1710.0,1710.0,2.0,1.0,2004.0,2.0,240000
1009,5.0,1926.0,1950.0,0.0,1008.0,1522.0,2.0,0.0,1900.0,0.0,102000
1010,5.0,1948.0,1950.0,0.0,720.0,1271.0,2.0,1.0,1948.0,1.0,135000
1011,5.0,1965.0,1965.0,0.0,0.0,1664.0,2.0,0.0,1900.0,0.0,100000
1012,6.0,1923.0,1996.0,0.0,602.0,1502.0,1.0,2.0,1923.0,1.0,165000
1013,5.0,1910.0,2006.0,0.0,1022.0,1022.0,1.0,0.0,1956.0,1.0,85000
1014,6.0,1948.0,1950.0,206.0,1082.0,1082.0,1.0,1.0,1948.0,1.0,119200
1015,8.0,2001.0,2001.0,0.0,810.0,1665.0,2.0,0.0,2001.0,2.0,227000
1016,7.0,1996.0,1996.0,196.0,1504.0,1504.0,2.0,1.0,1996.0,2.0,203000
1017,8.0,1984.0,1984.0,0.0,1220.0,1360.0,1.0,1.0,1984.0,2.0,187500
1018,7.0,1991.0,1992.0,76.0,384.0,1472.0,2.0,1.0,1991.0,2.0,160000
1019,7.0,2005.0,2005.0,145.0,1362.0,1506.0,2.0,1.0,2005.0,2.0,213490
1020,4.0,2005.0,2005.0,0.0,1132.0,1132.0,1.0,0.0,2005.0,2.0,176000
1021,7.0,2006.0,2006.0,84.0,1199.0,1220.0,2.0,0.0,2006.0,2.0,194000
1022,5.0,1930.0,1950.0,0.0,912.0,1248.0,1.0,0.0,1957.0,1.0,87000
1023,7.0,2005.0,2006.0,14.0,1346.0,1504.0,2.0,1.0,2005.0,2.0,191000
1024,8.0,1976.0,1976.0,0.0,1565.0,2898.0,2.0,1.0,1976.0,2.0,287000
1025,5.0,1972.0,1972.0,0.0,882.0,882.0,1.0,0.0,1980.0,2.0,112500
1026,5.0,1960.0,1960.0,324.0,1268.0,1264.0,1.0,2.0,1960.0,2.0,167500
1027,8.0,2007.0,2008.0,338.0,1638.0,1646.0,2.0,1.0,2008.0,3.0,293077
1028,5.0,1941.0,1950.0,0.0,768.0,1376.0,1.0,1.0,1941.0,1.0,105000
1029,6.0,1972.0,1972.0,281.0,672.0,1218.0,1.0,0.0,1972.0,1.0,118000
1030,5.0,1916.0,1995.0,0.0,686.0,1928.0,2.0,0.0,1900.0,0.0,160000
1031,7.0,1920.0,1970.0,0.0,824.0,3082.0,2.0,2.0,1970.0,2.0,197000
1032,8.0,1993.0,1993.0,0.0,1338.0,2520.0,2.0,1.0,1993.0,3.0,310000
1033,7.0,2002.0,2002.0,295.0,1654.0,1654.0,2.0,0.0,2002.0,3.0,230000
1034,5.0,1938.0,1950.0,0.0,920.0,954.0,1.0,1.0,1938.0,1.0,119750
1035,4.0,1957.0,1957.0,0.0,0.0,845.0,1.0,0.0,1957.0,1.0,84000
1036,9.0,2007.0,2008.0,70.0,1620.0,1620.0,2.0,1.0,2008.0,3.0,315500
1037,8.0,2001.0,2002.0,396.0,1055.0,2263.0,2.0,1.0,2001.0,2.0,287000
1038,4.0,1970.0,2008.0,0.0,546.0,1344.0,1.0,1.0,1900.0,0.0,97000
1039,4.0,1970.0,1970.0,0.0,630.0,630.0,1.0,0.0,1970.0,1.0,80000
1040,5.0,1957.0,2000.0,67.0,1134.0,1803.0,2.0,1.0,1957.0,2.0,155000
1041,6.0,1966.0,2000.0,252.0,800.0,1632.0,1.0,0.0,1966.0,2.0,173000
1042,6.0,2005.0,2005.0,135.0,1306.0,1306.0,2.0,1.0,2005.0,2.0,196000
1043,7.0,1990.0,1990.0,99.0,1475.0,2329.0,2.0,1.0,1990.0,2.0,262280
1044,8.0,1981.0,1981.0,0.0,2524.0,2524.0,2.0,1.0,1981.0,2.0,278000
1045,3.0,1955.0,1955.0,0.0,0.0,1733.0,2.0,1.0,1955.0,2.0,139600
1046,9.0,2005.0,2006.0,208.0,1992.0,2868.0,3.0,1.0,2005.0,3.0,556581
1047,5.0,1994.0,1995.0,0.0,990.0,990.0,1.0,0.0,1996.0,2.0,145000
1048,5.0,1960.0,2006.0,75.0,0.0,1771.0,1.0,1.0,1960.0,2.0,115000
1049,4.0,1946.0,2006.0,0.0,0.0,930.0,1.0,0.0,1946.0,1.0,84900
1050,7.0,2007.0,2007.0,0.0,1302.0,1302.0,2.0,0.0,2007.0,2.0,176485
1051,7.0,2007.0,2007.0,0.0,1316.0,1316.0,2.0,1.0,2007.0,2.0,200141
1052,6.0,1964.0,1978.0,272.0,816.0,1977.0,1.0,1.0,1964.0,2.0,165000
1053,5.0,1957.0,2002.0,145.0,1216.0,1526.0,1.0,1.0,1957.0,1.0,144500
1054,8.0,2002.0,2002.0,210.0,1065.0,1989.0,2.0,1.0,2002.0,2.0,255000
1055,6.0,1976.0,1976.0,160.0,1193.0,1523.0,2.0,1.0,1976.0,2.0,180000
1056,7.0,2005.0,2005.0,240.0,1364.0,1364.0,2.0,1.0,2005.0,2.0,185850
1057,7.0,1994.0,1994.0,0.0,973.0,1850.0,2.0,1.0,1994.0,2.0,248000
1058,9.0,2008.0,2008.0,154.0,1104.0,2184.0,2.0,1.0,2008.0,3.0,335000
1059,6.0,1932.0,1950.0,480.0,854.0,1991.0,1.0,1.0,1977.0,2.0,220000
1060,8.0,2001.0,2001.0,0.0,1338.0,1338.0,2.0,0.0,2001.0,2.0,213500
1061,3.0,1935.0,1950.0,0.0,894.0,894.0,1.0,0.0,1994.0,3.0,81000
1062,5.0,1900.0,1950.0,0.0,662.0,2337.0,2.0,0.0,1945.0,2.0,90000
1063,6.0,1925.0,1980.0,0.0,1103.0,1103.0,1.0,1.0,1976.0,2.0,110500
1064,5.0,1966.0,1966.0,200.0,1154.0,1154.0,1.0,1.0,1966.0,2.0,154000
1065,7.0,1996.0,1997.0,0.0,1306.0,2260.0,2.0,0.0,1996.0,2.0,328000
1066,6.0,1993.0,1994.0,0.0,799.0,1571.0,2.0,1.0,1993.0,2.0,178000
1067,6.0,1964.0,1964.0,360.0,780.0,1611.0,1.0,0.0,1964.0,2.0,167900
1068,6.0,1973.0,1973.0,0.0,942.0,2521.0,2.0,1.0,1973.0,2.0,151400
1069,5.0,1949.0,2003.0,0.0,845.0,893.0,1.0,0.0,1985.0,2.0,135000
1070,5.0,1956.0,1956.0,120.0,1048.0,1048.0,1.0,0.0,1956.0,1.0,135000
1071,6.0,1968.0,1968.0,0.0,727.0,1556.0,1.0,0.0,1968.0,2.0,154000
1072,5.0,1948.0,1950.0,0.0,810.0,1456.0,1.0,1.0,1954.0,1.0,91500
1073,6.0,1977.0,1977.0,140.0,690.0,1426.0,1.0,0.0,1977.0,2.0,159500
1074,7.0,2006.0,2006.0,0.0,1240.0,1240.0,2.0,0.0,2006.0,3.0,194000
1075,7.0,1940.0,1984.0,0.0,800.0,1740.0,1.0,2.0,1940.0,1.0,219500
1076,5.0,1936.0,1989.0,0.0,796.0,1466.0,2.0,1.0,1950.0,2.0,170000
1077,5.0,1969.0,1969.0,0.0,1096.0,1096.0,1.0,0.0,1969.0,1.0,138800
1078,6.0,2004.0,2004.0,169.0,848.0,848.0,1.0,1.0,2004.0,2.0,155900
1079,5.0,1994.0,1994.0,0.0,990.0,990.0,1.0,0.0,1996.0,1.0,126000
1080,6.0,1971.0,2004.0,144.0,1258.0,1258.0,2.0,0.0,1971.0,2.0,145000
1081,5.0,1963.0,1963.0,0.0,1040.0,1040.0,1.0,0.0,1963.0,1.0,133000
1082,7.0,2002.0,2002.0,100.0,1459.0,1459.0,2.0,1.0,2002.0,2.0,192000
1083,6.0,1964.0,1964.0,425.0,1251.0,1251.0,1.0,2.0,1964.0,1.0,160000
1084,6.0,1995.0,1996.0,0.0,691.0,1498.0,2.0,1.0,1995.0,2.0,187500
1085,6.0,1992.0,1992.0,0.0,936.0,996.0,1.0,0.0,1992.0,2.0,147000
1086,4.0,1973.0,1973.0,0.0,546.0,1092.0,1.0,0.0,1973.0,1.0,83500
1087,8.0,2005.0,2006.0,0.0,1082.0,1953.0,2.0,1.0,2005.0,3.0,252000
1088,7.0,2004.0,2004.0,50.0,970.0,1709.0,2.0,0.0,2004.0,2.0,137500
1089,8.0,2005.0,2005.0,0.0,1247.0,1247.0,1.0,1.0,2005.0,2.0,197000
1090,3.0,1950.0,1950.0,0.0,0.0,1040.0,2.0,0.0,1987.0,2.0,92900
1091,7.0,1999.0,2000.0,212.0,600.0,1252.0,2.0,0.0,1999.0,2.0,160000
1092,6.0,1925.0,1950.0,0.0,1181.0,1694.0,2.0,1.0,1925.0,2.0,136500
1093,5.0,1965.0,1998.0,166.0,864.0,1200.0,1.0,0.0,1977.0,2.0,146000
1094,5.0,1956.0,2000.0,0.0,936.0,936.0,1.0,0.0,1956.0,1.0,129000
1095,6.0,2006.0,2006.0,0.0,1314.0,1314.0,2.0,1.0,2006.0,2.0,176432
1096,6.0,1914.0,2006.0,0.0,684.0,1355.0,1.0,0.0,1900.0,0.0,127000
1097,8.0,1986.0,1986.0,0.0,1074.0,1088.0,1.0,0.0,1987.0,2.0,170000
1098,4.0,1936.0,1950.0,0.0,672.0,1324.0,1.0,0.0,1936.0,1.0,128000
1099,7.0,1978.0,1978.0,206.0,1271.0,1601.0,2.0,1.0,1978.0,2.0,157000
1100,2.0,1920.0,1950.0,0.0,290.0,438.0,1.0,0.0,1930.0,1.0,60000
1101,5.0,1971.0,1971.0,0.0,950.0,950.0,1.0,0.0,1981.0,1.0,119500
1102,5.0,1960.0,2002.0,45.0,1010.0,1134.0,1.0,0.0,1960.0,1.0,135000
1103,6.0,1959.0,1959.0,0.0,655.0,1194.0,1.0,1.0,1954.0,2.0,159500
1104,5.0,1970.0,1970.0,304.0,630.0,1302.0,2.0,0.0,1970.0,2.0,106000
1105,8.0,1994.0,1995.0,362.0,1463.0,2622.0,2.0,2.0,1994.0,2.0,325000
1106,7.0,1990.0,1991.0,0.0,910.0,1442.0,2.0,1.0,1990.0,2.0,179900
1107,7.0,2006.0,2006.0,0.0,868.0,2021.0,2.0,1.0,2006.0,2.0,274725
1108,6.0,2000.0,2000.0,0.0,924.0,1690.0,2.0,1.0,2000.0,2.0,181000
1109,8.0,2004.0,2005.0,42.0,1836.0,1836.0,2.0,1.0,2004.0,3.0,280000
1110,6.0,1995.0,1996.0,0.0,773.0,1658.0,2.0,1.0,1995.0,2.0,188000
1111,7.0,1976.0,1976.0,660.0,803.0,1964.0,2.0,1.0,1976.0,2.0,205000
1112,5.0,1957.0,1957.0,0.0,816.0,816.0,1.0,0.0,1957.0,1.0,129900
1113,5.0,1953.0,2006.0,0.0,1008.0,1008.0,1.0,0.0,1953.0,1.0,134500
1114,5.0,1954.0,2000.0,0.0,833.0,833.0,1.0,0.0,1955.0,1.0,117000
1115,8.0,2007.0,2007.0,328.0,1734.0,1734.0,2.0,1.0,2007.0,3.0,318000
1116,8.0,2002.0,2002.0,0.0,408.0,1419.0,2.0,1.0,2002.0,2.0,184100
1117,5.0,1967.0,2003.0,0.0,894.0,894.0,1.0,0.0,1967.0,2.0,130000
1118,5.0,1958.0,1987.0,0.0,533.0,1601.0,1.0,0.0,1958.0,1.0,140000
1119,5.0,1959.0,1959.0,0.0,1040.0,1040.0,1.0,0.0,1959.0,1.0,133700
1120,6.0,1920.0,1950.0,0.0,1012.0,1012.0,1.0,1.0,1920.0,1.0,118400
1121,7.0,2005.0,2006.0,196.0,1552.0,1552.0,2.0,0.0,2005.0,3.0,212900
1122,4.0,1956.0,1956.0,0.0,672.0,960.0,1.0,0.0,1956.0,1.0,112000
1123,5.0,1947.0,2008.0,0.0,698.0,698.0,1.0,0.0,1900.0,0.0,118000
1124,7.0,1992.0,1992.0,170.0,384.0,1482.0,2.0,1.0,1992.0,2.0,163900
1125,4.0,1955.0,1955.0,0.0,1005.0,1005.0,1.0,1.0,1977.0,2.0,115000
1126,7.0,2007.0,2007.0,130.0,1373.0,1555.0,2.0,1.0,2007.0,3.0,174000
1127,7.0,2004.0,2004.0,0.0,1530.0,1530.0,2.0,1.0,2004.0,3.0,259000
1128,7.0,2004.0,2005.0,0.0,847.0,1959.0,2.0,1.0,2004.0,2.0,215000
1129,5.0,1980.0,1980.0,180.0,936.0,936.0,1.0,0.0,1980.0,2.0,140000
1130,4.0,1928.0,1950.0,0.0,1122.0,1981.0,2.0,2.0,1981.0,2.0,135000
1131,5.0,1991.0,1992.0,0.0,974.0,974.0,1.0,0.0,1900.0,0.0,93500
1132,6.0,1880.0,1950.0,0.0,1008.0,2210.0,2.0,0.0,1930.0,1.0,117500
1133,8.0,1995.0,1995.0,0.0,1128.0,2020.0,2.0,1.0,1995.0,2.0,239500
1134,6.0,1997.0,1997.0,0.0,916.0,1600.0,2.0,1.0,1997.0,2.0,169000
1135,6.0,1926.0,1950.0,0.0,960.0,986.0,1.0,1.0,1926.0,1.0,102000
1136,6.0,1950.0,1950.0,0.0,1032.0,1252.0,1.0,0.0,1950.0,1.0,119000
1137,5.0,1875.0,1996.0,0.0,780.0,1020.0,1.0,0.0,1900.0,0.0,94000
1138,6.0,1977.0,1977.0,0.0,1567.0,1567.0,2.0,2.0,1977.0,2.0,196000
1139,5.0,1920.0,1950.0,0.0,915.0,1167.0,1.0,1.0,1972.0,2.0,144000
1140,5.0,1951.0,1951.0,0.0,952.0,952.0,1.0,0.0,1988.0,2.0,139000
1141,5.0,1976.0,1976.0,44.0,780.0,1868.0,2.0,1.0,1976.0,2.0,197500
1142,8.0,2006.0,2007.0,340.0,1466.0,2828.0,3.0,1.0,2006.0,3.0,424870
1143,5.0,1959.0,1959.0,0.0,1006.0,1006.0,1.0,0.0,1900.0,0.0,80000
1144,4.0,1941.0,1950.0,0.0,672.0,924.0,1.0,0.0,1941.0,1.0,80000
1145,5.0,1928.0,1950.0,0.0,1042.0,1576.0,1.0,1.0,1928.0,1.0,149000
1146,6.0,1985.0,1985.0,85.0,1298.0,1298.0,2.0,1.0,1985.0,2.0,180000
1147,7.0,1941.0,1950.0,0.0,704.0,1564.0,1.0,1.0,1941.0,1.0,174500
1148,7.0,1926.0,1950.0,0.0,572.0,1111.0,1.0,1.0,1982.0,1.0,116900
1149,7.0,1920.0,1988.0,0.0,650.0,1482.0,1.0,0.0,1930.0,2.0,143000
1150,6.0,1950.0,1950.0,0.0,932.0,932.0,1.0,1.0,1950.0,1.0,124000
1151,5.0,1959.0,1959.0,132.0,1466.0,1466.0,1.0,2.0,1959.0,2.0,149900
1152,6.0,1956.0,2004.0,0.0,1073.0,1811.0,1.0,1.0,1956.0,2.0,230000
1153,6.0,1930.0,2007.0,0.0,816.0,816.0,1.0,0.0,2002.0,1.0,120500
1154,7.0,1965.0,1988.0,288.0,864.0,1820.0,1.0,2.0,1965.0,2.0,201800
1155,5.0,1976.0,2004.0,0.0,1437.0,1437.0,2.0,1.0,1976.0,2.0,218000
1156,5.0,1965.0,1999.0,0.0,1219.0,1265.0,2.0,1.0,1965.0,2.0,179900
1157,7.0,2007.0,2008.0,166.0,1314.0,1314.0,2.0,1.0,2008.0,2.0,230000
1158,8.0,2007.0,2008.0,186.0,1580.0,1580.0,2.0,0.0,2008.0,3.0,235128
1159,6.0,1974.0,1974.0,270.0,901.0,1876.0,2.0,1.0,1974.0,2.0,185000
1160,6.0,1978.0,1978.0,0.0,855.0,1456.0,2.0,1.0,1978.0,2.0,146000
1161,6.0,1954.0,2006.0,72.0,1296.0,1640.0,1.0,1.0,1993.0,2.0,224000
1162,5.0,1968.0,1968.0,0.0,894.0,894.0,1.0,1.0,1968.0,2.0,129000
1163,4.0,1969.0,1969.0,0.0,1198.0,1258.0,0.0,0.0,1969.0,2.0,108959
1164,5.0,1978.0,1978.0,0.0,1360.0,1432.0,1.0,1.0,1978.0,2.0,194000
1165,7.0,2009.0,2009.0,268.0,1502.0,1502.0,2.0,0.0,2009.0,2.0,233170
1166,8.0,2008.0,2008.0,72.0,1694.0,1694.0,2.0,0.0,2008.0,3.0,245350
1167,6.0,2000.0,2000.0,0.0,959.0,1671.0,2.0,1.0,2000.0,2.0,173000
1168,6.0,1935.0,1986.0,0.0,1127.0,2108.0,2.0,2.0,1935.0,2.0,235000
1169,10.0,1995.0,1996.0,1378.0,1930.0,3627.0,3.0,1.0,1995.0,3.0,625000
1170,6.0,1977.0,1977.0,0.0,1096.0,1118.0,1.0,1.0,1977.0,1.0,171000
1171,6.0,1958.0,1958.0,0.0,1261.0,1261.0,1.0,1.0,1958.0,2.0,163000
1172,7.0,2006.0,2007.0,0.0,625.0,1250.0,2.0,0.0,2006.0,2.0,171900
1173,5.0,1946.0,1994.0,0.0,1598.0,3086.0,3.0,1.0,1900.0,0.0,200500
1174,6.0,1932.0,1950.0,0.0,952.0,2345.0,2.0,1.0,1932.0,2.0,239000
1175,8.0,1992.0,2000.0,337.0,1683.0,2872.0,2.0,1.0,1992.0,2.0,285000
1176,5.0,1984.0,1985.0,0.0,876.0,923.0,1.0,0.0,1984.0,1.0,119500
1177,6.0,1926.0,2004.0,0.0,818.0,1224.0,1.0,0.0,1926.0,1.0,115000
1178,5.0,1921.0,1950.0,0.0,731.0,1343.0,1.0,1.0,1921.0,1.0,154900
1179,5.0,1954.0,1954.0,0.0,0.0,1124.0,1.0,1.0,1900.0,0.0,93000
1180,7.0,1990.0,1991.0,0.0,1216.0,2514.0,2.0,0.0,1990.0,2.0,250000
1181,8.0,2008.0,2008.0,186.0,1600.0,1652.0,2.0,1.0,2008.0,2.0,392500
1182,10.0,1996.0,1996.0,0.0,2396.0,4476.0,3.0,2.0,1996.0,3.0,745000
1183,5.0,1920.0,1950.0,0.0,1120.0,1130.0,1.0,1.0,1970.0,2.0,120000
1184,5.0,1963.0,1963.0,226.0,1572.0,1572.0,1.0,2.0,1963.0,3.0,186700
1185,5.0,1924.0,1950.0,0.0,784.0,1221.0,1.0,0.0,1965.0,1.0,104900
1186,3.0,1900.0,1970.0,0.0,978.0,1699.0,2.0,0.0,1920.0,2.0,95000
1187,8.0,1994.0,1995.0,0.0,1624.0,1624.0,2.0,1.0,1994.0,3.0,262000
1188,7.0,2002.0,2002.0,95.0,831.0,1660.0,2.0,0.0,2002.0,2.0,195000
1189,7.0,1999.0,1999.0,0.0,994.0,1804.0,2.0,1.0,1999.0,2.0,189000
1190,4.0,1961.0,1975.0,149.0,1249.0,1622.0,1.0,1.0,1975.0,4.0,168000
1191,8.0,1999.0,2000.0,456.0,776.0,1441.0,2.0,0.0,1999.0,2.0,174000
1192,5.0,1925.0,1994.0,0.0,702.0,1472.0,1.0,0.0,1925.0,1.0,125000
1193,6.0,1999.0,1999.0,425.0,1224.0,1224.0,2.0,0.0,1999.0,2.0,165000
1194,6.0,1969.0,1969.0,143.0,663.0,1352.0,1.0,0.0,1969.0,1.0,158000
1195,6.0,2005.0,2005.0,0.0,728.0,1456.0,2.0,0.0,2005.0,2.0,176000
1196,7.0,2006.0,2006.0,0.0,879.0,1863.0,2.0,1.0,2006.0,3.0,219210
1197,7.0,1916.0,1950.0,0.0,815.0,1690.0,1.0,1.0,1916.0,1.0,144000
1198,7.0,2001.0,2001.0,0.0,1212.0,1212.0,2.0,0.0,2001.0,2.0,178000
1199,4.0,1963.0,1979.0,51.0,1051.0,1382.0,1.0,1.0,1974.0,2.0,148000
1200,4.0,1970.0,1970.0,0.0,864.0,864.0,1.0,0.0,1972.0,1.0,116050
1201,7.0,1998.0,1998.0,0.0,866.0,1779.0,2.0,0.0,1998.0,2.0,197900
1202,5.0,1925.0,1997.0,0.0,884.0,1348.0,1.0,1.0,1960.0,1.0,117000
1203,7.0,2000.0,2001.0,171.0,1630.0,1630.0,2.0,1.0,2000.0,2.0,213000
1204,5.0,1975.0,1975.0,0.0,1056.0,1074.0,1.0,0.0,1975.0,2.0,153500
1205,7.0,1990.0,1991.0,234.0,2158.0,2196.0,2.0,1.0,1990.0,3.0,271900
1206,4.0,1966.0,1966.0,0.0,1056.0,1056.0,1.0,0.0,1966.0,1.0,107000
1207,6.0,2003.0,2003.0,120.0,1682.0,1700.0,2.0,0.0,2003.0,2.0,200000
1208,5.0,1962.0,1980.0,0.0,931.0,1283.0,1.0,0.0,1980.0,2.0,140000
1209,8.0,2006.0,2006.0,420.0,1660.0,1660.0,2.0,1.0,2006.0,2.0,290000
1210,6.0,1992.0,1992.0,0.0,1055.0,1845.0,2.0,1.0,1992.0,2.0,189000
1211,8.0,1988.0,2005.0,0.0,559.0,1752.0,2.0,0.0,1988.0,2.0,164000
1212,4.0,1941.0,1950.0,0.0,672.0,672.0,1.0,0.0,1941.0,1.0,113000
1213,4.0,1965.0,2001.0,0.0,648.0,960.0,0.0,0.0,1965.0,1.0,145000
1214,5.0,1962.0,1962.0,0.0,925.0,999.0,1.0,0.0,1962.0,1.0,134500
1215,5.0,1966.0,1966.0,0.0,894.0,894.0,1.0,0.0,1966.0,1.0,125000
1216,6.0,1978.0,1978.0,0.0,0.0,1902.0,2.0,0.0,1978.0,2.0,112000
1217,8.0,2009.0,2009.0,72.0,1300.0,1314.0,2.0,0.0,2009.0,2.0,229456
1218,4.0,1947.0,1950.0,0.0,0.0,912.0,1.0,0.0,1900.0,0.0,80500
1219,6.0,1971.0,1971.0,236.0,672.0,1218.0,1.0,0.0,1900.0,0.0,91500
1220,5.0,1964.0,1964.0,0.0,912.0,912.0,1.0,0.0,1964.0,1.0,115000
1221,5.0,1968.0,1968.0,0.0,952.0,1211.0,1.0,1.0,1968.0,1.0,134000
1222,6.0,1949.0,1950.0,320.0,1040.0,1846.0,2.0,1.0,1949.0,1.0,143000
1223,5.0,1951.0,1951.0,44.0,2136.0,2136.0,2.0,0.0,1951.0,2.0,137900
1224,7.0,2004.0,2005.0,0.0,788.0,1490.0,2.0,1.0,2004.0,2.0,184000
1225,6.0,1958.0,1958.0,63.0,588.0,1138.0,1.0,0.0,1958.0,1.0,145000
1226,6.0,2007.0,2007.0,74.0,894.0,1933.0,2.0,1.0,2007.0,3.0,214000
1227,5.0,1965.0,2008.0,300.0,912.0,912.0,1.0,0.0,1992.0,2.0,147000
1228,9.0,2008.0,2008.0,766.0,1702.0,1702.0,1.0,1.0,2008.0,3.0,367294
1229,5.0,1960.0,1960.0,0.0,1075.0,1507.0,2.0,0.0,1960.0,1.0,127000
1230,5.0,1977.0,1977.0,1.0,1361.0,2620.0,2.0,1.0,1977.0,2.0,190000
1231,5.0,1962.0,1962.0,120.0,1106.0,1190.0,1.0,0.0,1962.0,2.0,132500
1232,4.0,1962.0,1962.0,0.0,0.0,1224.0,2.0,0.0,1962.0,2.0,101800
1233,5.0,1959.0,1959.0,180.0,1188.0,1188.0,1.0,0.0,1959.0,2.0,142000
1234,5.0,1911.0,1950.0,0.0,940.0,1964.0,1.0,0.0,1900.0,0.0,130000
1235,5.0,1914.0,1950.0,0.0,747.0,1784.0,1.0,0.0,1914.0,1.0,138887
1236,7.0,2003.0,2003.0,106.0,764.0,1626.0,2.0,0.0,2003.0,2.0,175500
1237,7.0,2004.0,2005.0,0.0,847.0,1948.0,2.0,1.0,2004.0,2.0,195000
1238,6.0,2005.0,2005.0,0.0,1141.0,1141.0,1.0,0.0,2005.0,2.0,142500
1239,8.0,2006.0,2006.0,32.0,1476.0,1484.0,2.0,1.0,2006.0,2.0,265900
1240,7.0,2003.0,2003.0,252.0,884.0,1768.0,2.0,0.0,2003.0,2.0,224900
1241,7.0,2007.0,2007.0,0.0,1689.0,1689.0,2.0,0.0,2007.0,3.0,248328
1242,7.0,1974.0,1974.0,81.0,1053.0,1173.0,2.0,2.0,1974.0,2.0,170000
1243,10.0,2006.0,2006.0,0.0,2076.0,2076.0,2.0,1.0,2006.0,3.0,465000
1244,8.0,1929.0,1950.0,0.0,792.0,1517.0,1.0,2.0,1931.0,2.0,230000
1245,6.0,1984.0,2003.0,74.0,585.0,1868.0,3.0,1.0,1984.0,2.0,178000
1246,7.0,2005.0,2006.0,0.0,756.0,1553.0,2.0,0.0,2005.0,2.0,186500
1247,6.0,1976.0,1976.0,335.0,1012.0,1034.0,1.0,0.0,1976.0,3.0,169900
1248,6.0,1917.0,1950.0,0.0,735.0,2058.0,1.0,1.0,1950.0,2.0,129500
1249,5.0,1950.0,1950.0,0.0,876.0,988.0,1.0,0.0,1950.0,1.0,119000
1250,7.0,1968.0,1968.0,0.0,2110.0,2110.0,2.0,2.0,1968.0,2.0,244000
1251,7.0,2003.0,2003.0,163.0,1405.0,1405.0,2.0,1.0,2003.0,2.0,171750
1252,5.0,1968.0,1968.0,0.0,864.0,874.0,1.0,0.0,1968.0,1.0,130000
1253,7.0,1974.0,2003.0,0.0,1192.0,2167.0,2.0,2.0,1974.0,2.0,294000
1254,7.0,2003.0,2004.0,92.0,746.0,1656.0,2.0,1.0,2003.0,2.0,165400
1255,6.0,1931.0,1950.0,0.0,884.0,1367.0,1.0,1.0,1978.0,1.0,127500
1256,8.0,1994.0,1994.0,554.0,1986.0,1987.0,2.0,1.0,1994.0,2.0,301500
1257,5.0,1922.0,1950.0,0.0,864.0,864.0,1.0,0.0,1900.0,0.0,99900
1258,7.0,2005.0,2005.0,182.0,856.0,1166.0,2.0,0.0,2005.0,2.0,190000
1259,6.0,1969.0,1969.0,0.0,1054.0,1054.0,1.0,0.0,1969.0,2.0,151000
1260,6.0,1999.0,1999.0,0.0,841.0,1675.0,2.0,1.0,1999.0,2.0,181000
1261,5.0,1956.0,1956.0,0.0,1050.0,1050.0,1.0,0.0,1956.0,1.0,128900
1262,4.0,1957.0,1989.0,0.0,1104.0,1788.0,1.0,2.0,1957.0,1.0,161500
1263,6.0,1919.0,1950.0,0.0,764.0,1824.0,1.0,1.0,1940.0,2.0,180500
1264,6.0,1998.0,1999.0,0.0,1405.0,1337.0,2.0,0.0,1998.0,2.0,181000
1265,7.0,1999.0,1999.0,218.0,691.0,1452.0,2.0,0.0,1999.0,2.0,183900
1266,7.0,1910.0,1950.0,0.0,925.0,1889.0,1.0,1.0,1960.0,1.0,122000
1267,9.0,2008.0,2009.0,0.0,2002.0,2018.0,2.0,1.0,2009.0,3.0,378500
1268,8.0,1935.0,1997.0,632.0,728.0,3447.0,3.0,2.0,1982.0,3.0,381000
1269,5.0,1958.0,1958.0,180.0,874.0,1524.0,1.0,0.0,1958.0,1.0,144000
1270,7.0,1979.0,1979.0,0.0,1332.0,1524.0,0.0,1.0,1979.0,2.0,260000
1271,6.0,1968.0,1968.0,0.0,1489.0,1489.0,2.0,1.0,1968.0,2.0,185750
1272,5.0,1965.0,1965.0,114.0,935.0,935.0,1.0,0.0,1965.0,1.0,137000
1273,6.0,1959.0,2006.0,84.0,1019.0,1357.0,1.0,1.0,1959.0,1.0,177000
1274,5.0,1910.0,2003.0,0.0,661.0,1250.0,2.0,1.0,1985.0,2.0,139000
1275,5.0,1948.0,1950.0,567.0,928.0,1920.0,2.0,0.0,1948.0,2.0,137000
1276,6.0,1972.0,1972.0,0.0,723.0,1395.0,1.0,1.0,1972.0,2.0,162000
1277,6.0,1967.0,1976.0,359.0,1680.0,1724.0,1.0,1.0,1967.0,2.0,197900
1278,8.0,2002.0,2002.0,0.0,1128.0,2031.0,2.0,1.0,2002.0,2.0,237000
1279,4.0,1920.0,1950.0,0.0,698.0,1128.0,1.0,0.0,1980.0,2.0,68400
1280,7.0,2002.0,2002.0,110.0,1573.0,1573.0,2.0,0.0,2002.0,2.0,227000
1281,7.0,1990.0,1990.0,54.0,1309.0,1339.0,2.0,1.0,1990.0,2.0,180000
1282,5.0,1977.0,2008.0,0.0,1040.0,1040.0,2.0,0.0,1977.0,2.0,150500
1283,6.0,1971.0,1971.0,0.0,912.0,1824.0,2.0,0.0,1900.0,0.0,139000
1284,6.0,1919.0,1990.0,0.0,804.0,2447.0,2.0,1.0,1969.0,1.0,169000
1285,6.0,1939.0,1950.0,0.0,780.0,1412.0,1.0,1.0,1939.0,1.0,132500
1286,6.0,1963.0,1963.0,451.0,1328.0,1328.0,1.0,2.0,1963.0,2.0,143000
1287,5.0,1964.0,1964.0,621.0,1624.0,1582.0,2.0,0.0,1964.0,2.0,190000
1288,8.0,2000.0,2000.0,0.0,1501.0,1659.0,2.0,1.0,2000.0,2.0,278000
1289,8.0,2006.0,2006.0,788.0,1085.0,1970.0,2.0,1.0,2006.0,3.0,281000
1290,5.0,1964.0,1964.0,86.0,1152.0,1152.0,1.0,1.0,1964.0,2.0,180500
1291,5.0,1972.0,1972.0,268.0,630.0,1302.0,2.0,0.0,1972.0,1.0,119500
1292,5.0,1892.0,1965.0,0.0,994.0,2372.0,2.0,0.0,1985.0,1.0,107500
1293,7.0,1976.0,1976.0,0.0,832.0,1664.0,2.0,1.0,1976.0,2.0,162900
1294,5.0,1955.0,1990.0,0.0,864.0,864.0,1.0,0.0,1957.0,2.0,115000
1295,5.0,1968.0,1968.0,168.0,1052.0,1052.0,1.0,0.0,1968.0,1.0,138500
1296,5.0,1963.0,1963.0,148.0,1120.0,1128.0,2.0,0.0,1963.0,2.0,155000
1297,6.0,2005.0,2006.0,82.0,547.0,1072.0,2.0,0.0,2005.0,2.0,140000
1298,10.0,2008.0,2008.0,796.0,6110.0,5642.0,2.0,3.0,2008.0,2.0,160000
1299,5.0,1959.0,1994.0,0.0,1246.0,1246.0,1.0,0.0,1959.0,1.0,154000
1300,7.0,1999.0,1999.0,344.0,978.0,1983.0,2.0,1.0,1999.0,2.0,225000
1301,6.0,1942.0,1950.0,0.0,771.0,1494.0,1.0,2.0,1942.0,1.0,177500
1302,8.0,1994.0,1994.0,391.0,1165.0,2526.0,2.0,1.0,1994.0,3.0,290000
1303,7.0,2005.0,2005.0,228.0,1616.0,1616.0,2.0,0.0,2005.0,3.0,232000
1304,7.0,2004.0,2004.0,117.0,976.0,1708.0,2.0,0.0,2004.0,2.0,130000
1305,9.0,2006.0,2007.0,300.0,1652.0,1652.0,2.0,2.0,2006.0,2.0,325000
1306,7.0,2005.0,2006.0,94.0,1368.0,1368.0,2.0,1.0,2005.0,2.0,202500
1307,5.0,1994.0,1995.0,0.0,990.0,990.0,1.0,0.0,2000.0,2.0,138000
1308,5.0,1948.0,2005.0,0.0,924.0,1122.0,1.0,0.0,1948.0,2.0,147000
1309,6.0,1991.0,1991.0,88.0,1278.0,1294.0,2.0,0.0,1991.0,2.0,179200
1310,7.0,1959.0,2002.0,0.0,1902.0,1902.0,2.0,2.0,1959.0,2.0,335000
1311,7.0,2005.0,2007.0,80.0,1274.0,1274.0,2.0,0.0,2005.0,2.0,203000
1312,8.0,1990.0,1990.0,336.0,1453.0,2810.0,2.0,1.0,1990.0,2.0,302000
1313,9.0,1999.0,1999.0,165.0,1393.0,2599.0,2.0,1.0,1999.0,3.0,333168
1314,4.0,1954.0,1954.0,0.0,948.0,948.0,1.0,1.0,1956.0,1.0,119000
1315,6.0,1969.0,1969.0,0.0,952.0,2112.0,2.0,2.0,1969.0,2.0,206900
1316,8.0,2008.0,2008.0,270.0,1622.0,1630.0,2.0,1.0,2008.0,3.0,295493
1317,7.0,2006.0,2007.0,0.0,1352.0,1352.0,2.0,1.0,2006.0,2.0,208900
1318,8.0,2001.0,2002.0,178.0,1753.0,1787.0,2.0,1.0,2001.0,3.0,275000
1319,4.0,1954.0,1954.0,132.0,864.0,948.0,1.0,0.0,1954.0,1.0,111000
1320,6.0,1957.0,1957.0,0.0,1478.0,1478.0,1.0,2.0,1957.0,2.0,156500
1321,3.0,1949.0,1950.0,0.0,0.0,720.0,1.0,0.0,1955.0,1.0,72500
1322,7.0,1992.0,1992.0,0.0,750.0,1923.0,2.0,1.0,1992.0,2.0,190000
1323,4.0,1940.0,1950.0,0.0,420.0,708.0,1.0,0.0,1900.0,0.0,82500
1324,8.0,2006.0,2007.0,428.0,1795.0,1795.0,2.0,1.0,2007.0,3.0,147000
1325,4.0,1922.0,1950.0,0.0,796.0,796.0,1.0,0.0,1900.0,0.0,55000
1326,3.0,1931.0,2006.0,0.0,544.0,774.0,1.0,0.0,1900.0,0.0,79000
1327,5.0,1982.0,2008.0,0.0,816.0,816.0,1.0,1.0,1982.0,1.0,130500
1328,6.0,1920.0,1950.0,0.0,1510.0,2792.0,2.0,2.0,1920.0,2.0,256000
1329,7.0,1998.0,1998.0,0.0,935.0,1632.0,2.0,1.0,1998.0,2.0,176500
1330,8.0,2006.0,2006.0,410.0,1588.0,1588.0,2.0,1.0,2006.0,3.0,227000
1331,5.0,1976.0,1976.0,0.0,911.0,954.0,1.0,0.0,1976.0,2.0,132500
1332,4.0,1938.0,1958.0,0.0,816.0,816.0,1.0,1.0,1958.0,1.0,100000
1333,5.0,1938.0,1995.0,0.0,803.0,1360.0,1.0,0.0,1951.0,1.0,125500
1334,5.0,1970.0,1970.0,312.0,765.0,1365.0,1.0,0.0,1970.0,2.0,125000
1335,6.0,1977.0,1977.0,360.0,1350.0,1334.0,2.0,1.0,1977.0,2.0,167900
1336,5.0,1973.0,1973.0,564.0,1656.0,1656.0,2.0,0.0,1973.0,2.0,135000
1337,4.0,1941.0,1950.0,0.0,693.0,693.0,1.0,0.0,1900.0,0.0,52500
1338,7.0,2002.0,2002.0,0.0,916.0,1861.0,2.0,0.0,2002.0,2.0,200000
1339,5.0,1972.0,1972.0,0.0,864.0,864.0,1.0,0.0,1972.0,1.0,128500
1340,4.0,1971.0,1971.0,0.0,858.0,872.0,1.0,0.0,1974.0,4.0,123000
1341,6.0,2003.0,2004.0,0.0,1114.0,1114.0,1.0,0.0,2004.0,2.0,155000
1342,8.0,2002.0,2002.0,149.0,1284.0,2169.0,2.0,1.0,2002.0,2.0,228500
1343,6.0,1928.0,1950.0,0.0,896.0,1913.0,1.0,1.0,1929.0,2.0,177000
1344,7.0,2006.0,2006.0,0.0,728.0,1456.0,2.0,1.0,2006.0,2.0,155835
1345,4.0,1920.0,1950.0,0.0,960.0,960.0,1.0,0.0,1997.0,1.0,108500
1346,7.0,1968.0,2003.0,0.0,1568.0,2156.0,2.0,1.0,1968.0,2.0,262500
1347,8.0,2006.0,2007.0,100.0,1732.0,1776.0,2.0,1.0,2006.0,3.0,283463
1348,7.0,1998.0,1998.0,0.0,1482.0,1494.0,2.0,1.0,1998.0,2.0,215000
1349,8.0,1872.0,1987.0,0.0,684.0,2358.0,2.0,0.0,1900.0,0.0,122000
1350,5.0,1969.0,1969.0,368.0,1248.0,2634.0,2.0,0.0,1969.0,4.0,200000
1351,6.0,1962.0,1962.0,318.0,858.0,1716.0,1.0,1.0,1962.0,2.0,171000
1352,6.0,1937.0,2000.0,0.0,698.0,1176.0,1.0,0.0,1999.0,2.0,134900
1353,8.0,1995.0,1996.0,579.0,2033.0,3238.0,2.0,1.0,1996.0,3.0,410000
1354,7.0,2000.0,2000.0,0.0,992.0,1865.0,2.0,1.0,2000.0,3.0,235000
1355,7.0,1968.0,1992.0,143.0,570.0,1920.0,3.0,1.0,1968.0,2.0,170000
1356,5.0,1966.0,1966.0,65.0,864.0,892.0,1.0,0.0,1966.0,1.0,110000
1357,5.0,1971.0,2008.0,0.0,1078.0,1078.0,1.0,1.0,1971.0,2.0,149900
1358,6.0,2000.0,2000.0,216.0,756.0,1573.0,2.0,0.0,2000.0,2.0,177500
1359,9.0,2004.0,2005.0,66.0,1980.0,1980.0,2.0,1.0,2004.0,3.0,315000
1360,5.0,1921.0,1998.0,0.0,612.0,2601.0,3.0,0.0,1998.0,2.0,189000
1361,7.0,2005.0,2005.0,16.0,1530.0,1530.0,2.0,1.0,2005.0,2.0,260000
1362,4.0,1920.0,2007.0,0.0,715.0,1738.0,2.0,1.0,1920.0,1.0,104900
1363,6.0,2006.0,2007.0,0.0,616.0,1412.0,2.0,1.0,2007.0,2.0,156932
1364,7.0,2005.0,2005.0,0.0,600.0,1200.0,2.0,0.0,2005.0,2.0,144152
1365,7.0,2000.0,2000.0,0.0,814.0,1674.0,2.0,0.0,2000.0,2.0,216000
1366,7.0,1999.0,1999.0,158.0,873.0,1790.0,2.0,0.0,1999.0,2.0,193000
1367,5.0,1977.0,1977.0,0.0,757.0,1475.0,2.0,1.0,1977.0,1.0,127000
1368,6.0,2003.0,2004.0,170.0,848.0,848.0,1.0,0.0,2003.0,2.0,144000
1369,8.0,2003.0,2003.0,171.0,1657.0,1668.0,2.0,1.0,2003.0,2.0,232000
1370,4.0,1920.0,1950.0,0.0,840.0,1374.0,1.0,0.0,1967.0,1.0,105000
1371,6.0,1955.0,1996.0,0.0,992.0,1661.0,1.0,1.0,1955.0,1.0,165500
1372,7.0,1998.0,1998.0,0.0,1108.0,2097.0,2.0,1.0,1998.0,2.0,274300
1373,10.0,2001.0,2002.0,705.0,2633.0,2633.0,2.0,2.0,2001.0,3.0,466500
1374,7.0,2005.0,2005.0,0.0,1026.0,1958.0,2.0,1.0,2005.0,3.0,250000
1375,8.0,2007.0,2007.0,80.0,1571.0,1571.0,2.0,1.0,2007.0,3.0,239000
1376,6.0,1930.0,1950.0,0.0,768.0,790.0,1.0,0.0,1925.0,1.0,91000
1377,5.0,1941.0,1960.0,0.0,984.0,1604.0,2.0,0.0,1977.0,2.0,117000
1378,6.0,1973.0,1973.0,408.0,483.0,987.0,1.0,0.0,1973.0,1.0,83000
1379,5.0,2006.0,2007.0,0.0,384.0,1394.0,2.0,0.0,2007.0,2.0,167500
1380,3.0,1914.0,1950.0,0.0,864.0,864.0,1.0,0.0,1938.0,1.0,58500
1381,6.0,1970.0,1970.0,0.0,1205.0,2117.0,2.0,2.0,1970.0,2.0,237500
1382,7.0,1920.0,1950.0,0.0,596.0,1762.0,1.0,0.0,1989.0,2.0,157000
1383,5.0,1918.0,2007.0,0.0,816.0,1416.0,2.0,0.0,2007.0,2.0,112000
1384,6.0,1939.0,1950.0,0.0,560.0,1258.0,1.0,0.0,1939.0,1.0,105000
1385,4.0,1922.0,2007.0,0.0,796.0,1154.0,1.0,0.0,1922.0,1.0,125500
1386,7.0,1978.0,1978.0,184.0,1392.0,2784.0,3.0,2.0,1978.0,2.0,250000
1387,6.0,1916.0,1950.0,0.0,714.0,2526.0,2.0,1.0,1916.0,1.0,136000
1388,9.0,2006.0,2007.0,160.0,1746.0,1746.0,2.0,2.0,2006.0,3.0,377500
1389,6.0,1941.0,1950.0,0.0,735.0,1218.0,1.0,1.0,2003.0,2.0,131000
1390,7.0,2000.0,2000.0,244.0,1525.0,1525.0,2.0,0.0,2000.0,2.0,235000
1391,5.0,1967.0,1967.0,0.0,1584.0,1584.0,2.0,0.0,1967.0,3.0,124000
1392,5.0,1967.0,1967.0,0.0,864.0,900.0,1.0,1.0,1967.0,1.0,123000
1393,6.0,1905.0,2000.0,0.0,482.0,1912.0,2.0,1.0,2003.0,2.0,163000
1394,7.0,2006.0,2006.0,45.0,1356.0,1500.0,2.0,1.0,2006.0,3.0,246578
1395,8.0,2005.0,2006.0,245.0,1094.0,2482.0,2.0,1.0,2005.0,3.0,281213
1396,5.0,1948.0,1950.0,0.0,747.0,1687.0,1.0,2.0,1966.0,2.0,160000
1397,5.0,1920.0,2004.0,0.0,939.0,1513.0,1.0,0.0,1933.0,1.0,137500
1398,5.0,1950.0,1982.0,0.0,1208.0,1904.0,1.0,0.0,1950.0,1.0,138000
1399,6.0,1925.0,1990.0,0.0,976.0,1608.0,2.0,1.0,1925.0,1.0,137450
1400,6.0,1929.0,1950.0,0.0,862.0,1158.0,1.0,1.0,1929.0,1.0,120000
1401,6.0,2004.0,2004.0,0.0,839.0,1593.0,2.0,1.0,2004.0,2.0,193000
1402,7.0,2006.0,2006.0,0.0,1286.0,1294.0,2.0,1.0,2006.0,2.0,193879
1403,8.0,2007.0,2007.0,84.0,1485.0,1464.0,2.0,0.0,2007.0,3.0,282922
1404,3.0,1915.0,1950.0,0.0,672.0,1214.0,1.0,0.0,1998.0,3.0,105000
1405,8.0,2004.0,2005.0,174.0,1594.0,1646.0,2.0,1.0,2004.0,2.0,275000
1406,5.0,1972.0,2007.0,0.0,768.0,768.0,1.0,0.0,1988.0,2.0,133000
1407,5.0,1985.0,1985.0,0.0,833.0,833.0,1.0,0.0,1900.0,0.0,112000
1408,4.0,1910.0,1950.0,0.0,622.0,1363.0,1.0,0.0,1966.0,2.0,125500
1409,7.0,1986.0,1991.0,123.0,791.0,2093.0,2.0,1.0,1986.0,2.0,215000
1410,7.0,2001.0,2001.0,0.0,944.0,1840.0,2.0,0.0,2001.0,2.0,230000
1411,6.0,1950.0,2005.0,0.0,856.0,1668.0,1.0,0.0,1950.0,1.0,140000
1412,4.0,1949.0,1950.0,0.0,0.0,1040.0,2.0,0.0,1956.0,2.0,90000
1413,8.0,2005.0,2006.0,366.0,1844.0,1844.0,2.0,1.0,2005.0,2.0,257000
1414,6.0,1923.0,2000.0,0.0,833.0,1848.0,1.0,1.0,1922.0,2.0,207000
1415,7.0,2007.0,2007.0,130.0,1386.0,1569.0,2.0,1.0,2007.0,3.0,175900
1416,4.0,1885.0,1950.0,0.0,777.0,2290.0,2.0,0.0,1971.0,2.0,122500
1417,8.0,1998.0,1998.0,731.0,1284.0,2450.0,2.0,1.0,1998.0,3.0,340000
1418,5.0,1963.0,1963.0,0.0,1144.0,1144.0,1.0,0.0,1962.0,1.0,124000
1419,6.0,1969.0,1969.0,312.0,1844.0,1844.0,2.0,1.0,1969.0,2.0,223000
1420,6.0,1968.0,1968.0,420.0,708.0,1416.0,2.0,1.0,1968.0,2.0,179900
1421,6.0,1977.0,1977.0,0.0,1069.0,1069.0,2.0,1.0,1977.0,2.0,127500
1422,6.0,2003.0,2003.0,170.0,848.0,848.0,1.0,0.0,2003.0,2.0,136500
1423,6.0,1966.0,1966.0,0.0,697.0,2201.0,2.0,1.0,1966.0,2.0,274970
1424,5.0,1958.0,1983.0,0.0,1024.0,1344.0,1.0,1.0,1970.0,1.0,144000
1425,6.0,1959.0,1959.0,243.0,1252.0,1252.0,1.0,0.0,1960.0,2.0,142000
1426,7.0,1994.0,1994.0,448.0,1223.0,2127.0,2.0,2.0,1994.0,2.0,271000
1427,5.0,1945.0,1950.0,0.0,913.0,1558.0,1.0,1.0,1962.0,1.0,140000
1428,5.0,1940.0,1992.0,294.0,788.0,804.0,1.0,2.0,1940.0,1.0,119000
1429,6.0,1981.0,1981.0,310.0,1440.0,1440.0,2.0,1.0,1981.0,2.0,182900
1430,5.0,2005.0,2005.0,0.0,732.0,1838.0,2.0,1.0,2005.0,2.0,192140
1431,6.0,1976.0,1976.0,0.0,958.0,958.0,2.0,0.0,1976.0,2.0,143750
1432,4.0,1927.0,2007.0,0.0,656.0,968.0,2.0,0.0,1928.0,1.0,64500
1433,6.0,2000.0,2000.0,318.0,936.0,1792.0,2.0,1.0,2000.0,2.0,186500
1434,5.0,1977.0,1977.0,0.0,1126.0,1126.0,2.0,1.0,1977.0,2.0,160000
1435,6.0,1962.0,2005.0,237.0,1319.0,1537.0,1.0,1.0,1962.0,2.0,174000
1436,4.0,1971.0,1971.0,0.0,864.0,864.0,1.0,0.0,1974.0,2.0,120500
1437,8.0,2008.0,2008.0,426.0,1932.0,1932.0,2.0,1.0,2008.0,3.0,394617
1438,6.0,1957.0,1996.0,0.0,912.0,1236.0,1.0,0.0,1957.0,2.0,149700
1439,7.0,1979.0,1979.0,96.0,539.0,1725.0,2.0,1.0,1979.0,2.0,197000
1440,6.0,1922.0,1994.0,0.0,588.0,2555.0,2.0,1.0,1993.0,2.0,191000
1441,6.0,2004.0,2004.0,147.0,848.0,848.0,1.0,1.0,2004.0,2.0,149300
1442,10.0,2008.0,2008.0,160.0,1017.0,2007.0,2.0,1.0,2008.0,3.0,310000
1443,6.0,1916.0,1950.0,0.0,952.0,952.0,1.0,1.0,1916.0,1.0,121000
1444,7.0,2004.0,2004.0,106.0,1422.0,1422.0,2.0,0.0,2004.0,2.0,179600
1445,6.0,1966.0,1966.0,0.0,814.0,913.0,1.0,0.0,1990.0,1.0,129000
1446,5.0,1962.0,1962.0,189.0,1188.0,1188.0,1.0,0.0,1962.0,1.0,157900
1447,8.0,1995.0,1996.0,438.0,1220.0,2090.0,2.0,1.0,1995.0,2.0,240000
1448,4.0,1910.0,2000.0,0.0,560.0,1346.0,1.0,0.0,1950.0,1.0,112000
1449,5.0,1970.0,1970.0,0.0,630.0,630.0,1.0,0.0,1900.0,0.0,92000
1450,5.0,1974.0,1974.0,0.0,896.0,1792.0,2.0,0.0,1900.0,0.0,136000
1451,8.0,2008.0,2009.0,194.0,1573.0,1578.0,2.0,1.0,2008.0,3.0,287090
1452,5.0,2005.0,2005.0,80.0,547.0,1072.0,1.0,0.0,2005.0,2.0,145000
1453,5.0,2006.0,2006.0,0.0,1140.0,1140.0,1.0,0.0,1900.0,0.0,84500
1454,7.0,2004.0,2005.0,0.0,1221.0,1221.0,2.0,0.0,2004.0,2.0,185000
1455,6.0,1999.0,2000.0,0.0,953.0,1647.0,2.0,1.0,1999.0,2.0,175000
1456,6.0,1978.0,1988.0,119.0,1542.0,2073.0,2.0,2.0,1978.0,2.0,210000
1457,7.0,1941.0,2006.0,0.0,1152.0,2340.0,2.0,2.0,1941.0,1.0,266500
1458,5.0,1950.0,1996.0,0.0,1078.0,1078.0,1.0,0.0,1950.0,1.0,142125
1459,5.0,1965.0,1965.0,0.0,1256.0,1256.0,1.0,0.0,1965.0,1.0,147500
